[      40ms] TypeError: Cannot read properties of null (reading 'onmessage')
    at http://localhost:4042/dashboard?token=ed02ebe3-5e6e-4e57-ba1d-a8a0338063ea:6286:32
[      40ms] [VERBOSE] [DOM] Password field is not contained in a form: (More info: https://goo.gl/9p2vKq) %o @ http://localhost:4042/dashboard?token=ed02ebe3-5e6e-4e57-ba1d-a8a0338063ea:0
[      42ms] [ERROR] Failed to load resource: the server responded with a status of 503 (Service Unavailable) @ http://localhost:4042/whatsapp/qr:0
[    3042ms] [ERROR] Failed to load resource: the server responded with a status of 503 (Service Unavailable) @ http://localhost:4042/whatsapp/qr:0
[    6042ms] [ERROR] Failed to load resource: the server responded with a status of 503 (Service Unavailable) @ http://localhost:4042/whatsapp/qr:0
[    9044ms] [ERROR] Failed to load resource: the server responded with a status of 503 (Service Unavailable) @ http://localhost:4042/whatsapp/qr:0
[   12587ms] [ERROR] Failed to load resource: the server responded with a status of 503 (Service Unavailable) @ http://localhost:4042/whatsapp/qr:0
[   15043ms] [ERROR] Failed to load resource: the server responded with a status of 503 (Service Unavailable) @ http://localhost:4042/whatsapp/qr:0
[   18043ms] [ERROR] Failed to load resource: the server responded with a status of 503 (Service Unavailable) @ http://localhost:4042/whatsapp/qr:0
[   30753ms] [ERROR] Failed to load resource: the server responded with a status of 503 (Service Unavailable) @ http://localhost:4042/whatsapp/qr:0
[   30812ms] [ERROR] Failed to load resource: the server responded with a status of 503 (Service Unavailable) @ http://localhost:4042/whatsapp/qr:0
[   30814ms] [ERROR] Failed to load resource: the server responded with a status of 503 (Service Unavailable) @ http://localhost:4042/whatsapp/qr:0
[   30815ms] [ERROR] Failed to load resource: the server responded with a status of 503 (Service Unavailable) @ http://localhost:4042/whatsapp/qr:0
[   33042ms] [ERROR] Failed to load resource: the server responded with a status of 503 (Service Unavailable) @ http://localhost:4042/whatsapp/qr:0
[   36047ms] [ERROR] Failed to load resource: the server responded with a status of 503 (Service Unavailable) @ http://localhost:4042/whatsapp/qr:0
[   39043ms] [ERROR] Failed to load resource: the server responded with a status of 503 (Service Unavailable) @ http://localhost:4042/whatsapp/qr:0
[   42043ms] [ERROR] Failed to load resource: the server responded with a status of 503 (Service Unavailable) @ http://localhost:4042/whatsapp/qr:0
[   45042ms] [ERROR] Failed to load resource: the server responded with a status of 503 (Service Unavailable) @ http://localhost:4042/whatsapp/qr:0
[   48042ms] [ERROR] Failed to load resource: the server responded with a status of 503 (Service Unavailable) @ http://localhost:4042/whatsapp/qr:0
[   51091ms] [ERROR] Failed to load resource: the server responded with a status of 503 (Service Unavailable) @ http://localhost:4042/whatsapp/qr:0
[   54043ms] [ERROR] Failed to load resource: the server responded with a status of 503 (Service Unavailable) @ http://localhost:4042/whatsapp/qr:0
[   57042ms] [ERROR] Failed to load resource: the server responded with a status of 503 (Service Unavailable) @ http://localhost:4042/whatsapp/qr:0
[   60042ms] [ERROR] Failed to load resource: the server responded with a status of 503 (Service Unavailable) @ http://localhost:4042/whatsapp/qr:0
[   63042ms] [ERROR] Failed to load resource: the server responded with a status of 503 (Service Unavailable) @ http://localhost:4042/whatsapp/qr:0
[   66048ms] [ERROR] Failed to load resource: the server responded with a status of 503 (Service Unavailable) @ http://localhost:4042/whatsapp/qr:0
[   69042ms] [ERROR] Failed to load resource: the server responded with a status of 503 (Service Unavailable) @ http://localhost:4042/whatsapp/qr:0
[   72042ms] [ERROR] Failed to load resource: the server responded with a status of 503 (Service Unavailable) @ http://localhost:4042/whatsapp/qr:0
[   75042ms] [ERROR] Failed to load resource: the server responded with a status of 503 (Service Unavailable) @ http://localhost:4042/whatsapp/qr:0
[   78042ms] [ERROR] Failed to load resource: the server responded with a status of 503 (Service Unavailable) @ http://localhost:4042/whatsapp/qr:0
[   81046ms] [ERROR] Failed to load resource: the server responded with a status of 503 (Service Unavailable) @ http://localhost:4042/whatsapp/qr:0
[   84042ms] [ERROR] Failed to load resource: the server responded with a status of 503 (Service Unavailable) @ http://localhost:4042/whatsapp/qr:0
[   87056ms] [ERROR] Failed to load resource: the server responded with a status of 503 (Service Unavailable) @ http://localhost:4042/whatsapp/qr:0
[   90042ms] [ERROR] Failed to load resource: the server responded with a status of 503 (Service Unavailable) @ http://localhost:4042/whatsapp/qr:0
[   93042ms] [ERROR] Failed to load resource: the server responded with a status of 503 (Service Unavailable) @ http://localhost:4042/whatsapp/qr:0
[   96043ms] [ERROR] Failed to load resource: the server responded with a status of 503 (Service Unavailable) @ http://localhost:4042/whatsapp/qr:0
[   99042ms] [ERROR] Failed to load resource: the server responded with a status of 503 (Service Unavailable) @ http://localhost:4042/whatsapp/qr:0
[  102178ms] [ERROR] Failed to load resource: the server responded with a status of 503 (Service Unavailable) @ http://localhost:4042/whatsapp/qr:0
[  105065ms] [ERROR] Failed to load resource: the server responded with a status of 503 (Service Unavailable) @ http://localhost:4042/whatsapp/qr:0
[  108052ms] [ERROR] Failed to load resource: the server responded with a status of 503 (Service Unavailable) @ http://localhost:4042/whatsapp/qr:0
[  111047ms] [ERROR] Failed to load resource: the server responded with a status of 503 (Service Unavailable) @ http://localhost:4042/whatsapp/qr:0
[  114046ms] [ERROR] Failed to load resource: the server responded with a status of 503 (Service Unavailable) @ http://localhost:4042/whatsapp/qr:0
[  117046ms] [ERROR] Failed to load resource: the server responded with a status of 503 (Service Unavailable) @ http://localhost:4042/whatsapp/qr:0
[  120046ms] [ERROR] Failed to load resource: the server responded with a status of 503 (Service Unavailable) @ http://localhost:4042/whatsapp/qr:0
[  123045ms] [ERROR] Failed to load resource: the server responded with a status of 503 (Service Unavailable) @ http://localhost:4042/whatsapp/qr:0
[  126046ms] [ERROR] Failed to load resource: the server responded with a status of 503 (Service Unavailable) @ http://localhost:4042/whatsapp/qr:0
[  129045ms] [ERROR] Failed to load resource: the server responded with a status of 503 (Service Unavailable) @ http://localhost:4042/whatsapp/qr:0
[  135024ms] [ERROR] Failed to load resource: the server responded with a status of 503 (Service Unavailable) @ http://localhost:4042/whatsapp/qr:0
[  139278ms] [ERROR] Failed to load resource: the server responded with a status of 503 (Service Unavailable) @ http://localhost:4042/whatsapp/qr:0
[  139301ms] [ERROR] Failed to load resource: the server responded with a status of 503 (Service Unavailable) @ http://localhost:4042/whatsapp/qr:0
[  141068ms] [ERROR] Failed to load resource: the server responded with a status of 503 (Service Unavailable) @ http://localhost:4042/whatsapp/qr:0
[  144044ms] [ERROR] Failed to load resource: the server responded with a status of 503 (Service Unavailable) @ http://localhost:4042/whatsapp/qr:0
[  147049ms] [ERROR] Failed to load resource: the server responded with a status of 503 (Service Unavailable) @ http://localhost:4042/whatsapp/qr:0
[  150047ms] [ERROR] Failed to load resource: the server responded with a status of 503 (Service Unavailable) @ http://localhost:4042/whatsapp/qr:0
[  153046ms] [ERROR] Failed to load resource: the server responded with a status of 503 (Service Unavailable) @ http://localhost:4042/whatsapp/qr:0
[  156047ms] [ERROR] Failed to load resource: the server responded with a status of 503 (Service Unavailable) @ http://localhost:4042/whatsapp/qr:0
[  159046ms] [ERROR] Failed to load resource: the server responded with a status of 503 (Service Unavailable) @ http://localhost:4042/whatsapp/qr:0
[  162047ms] [ERROR] Failed to load resource: the server responded with a status of 503 (Service Unavailable) @ http://localhost:4042/whatsapp/qr:0
[  165045ms] [ERROR] Failed to load resource: the server responded with a status of 503 (Service Unavailable) @ http://localhost:4042/whatsapp/qr:0
[  168046ms] [ERROR] Failed to load resource: the server responded with a status of 503 (Service Unavailable) @ http://localhost:4042/whatsapp/qr:0
[  171087ms] [ERROR] Failed to load resource: the server responded with a status of 503 (Service Unavailable) @ http://localhost:4042/whatsapp/qr:0
[  174045ms] [ERROR] Failed to load resource: the server responded with a status of 503 (Service Unavailable) @ http://localhost:4042/whatsapp/qr:0
[  177046ms] [ERROR] Failed to load resource: the server responded with a status of 503 (Service Unavailable) @ http://localhost:4042/whatsapp/qr:0
[  180046ms] [ERROR] Failed to load resource: the server responded with a status of 503 (Service Unavailable) @ http://localhost:4042/whatsapp/qr:0
[  183043ms] [ERROR] Failed to load resource: the server responded with a status of 503 (Service Unavailable) @ http://localhost:4042/whatsapp/qr:0
[  186045ms] [ERROR] Failed to load resource: the server responded with a status of 503 (Service Unavailable) @ http://localhost:4042/whatsapp/qr:0
[  189046ms] [ERROR] Failed to load resource: the server responded with a status of 503 (Service Unavailable) @ http://localhost:4042/whatsapp/qr:0
[  192089ms] [ERROR] Failed to load resource: the server responded with a status of 503 (Service Unavailable) @ http://localhost:4042/whatsapp/qr:0
[  195046ms] [ERROR] Failed to load resource: the server responded with a status of 503 (Service Unavailable) @ http://localhost:4042/whatsapp/qr:0
[  198931ms] [ERROR] Failed to load resource: the server responded with a status of 503 (Service Unavailable) @ http://localhost:4042/whatsapp/qr:0
[  201046ms] [ERROR] Failed to load resource: the server responded with a status of 503 (Service Unavailable) @ http://localhost:4042/whatsapp/qr:0
[  204045ms] [ERROR] Failed to load resource: the server responded with a status of 503 (Service Unavailable) @ http://localhost:4042/whatsapp/qr:0
[  207045ms] [ERROR] Failed to load resource: the server responded with a status of 503 (Service Unavailable) @ http://localhost:4042/whatsapp/qr:0
[  210045ms] [ERROR] Failed to load resource: the server responded with a status of 503 (Service Unavailable) @ http://localhost:4042/whatsapp/qr:0
[  213046ms] [ERROR] Failed to load resource: the server responded with a status of 503 (Service Unavailable) @ http://localhost:4042/whatsapp/qr:0
[  216046ms] [ERROR] Failed to load resource: the server responded with a status of 503 (Service Unavailable) @ http://localhost:4042/whatsapp/qr:0
[  219046ms] [ERROR] Failed to load resource: the server responded with a status of 503 (Service Unavailable) @ http://localhost:4042/whatsapp/qr:0
[  222046ms] [ERROR] Failed to load resource: the server responded with a status of 503 (Service Unavailable) @ http://localhost:4042/whatsapp/qr:0
[  225046ms] [ERROR] Failed to load resource: the server responded with a status of 503 (Service Unavailable) @ http://localhost:4042/whatsapp/qr:0
[  228055ms] [ERROR] Failed to load resource: the server responded with a status of 503 (Service Unavailable) @ http://localhost:4042/whatsapp/qr:0
[  231043ms] [ERROR] Failed to load resource: the server responded with a status of 503 (Service Unavailable) @ http://localhost:4042/whatsapp/qr:0
[  234046ms] [ERROR] Failed to load resource: the server responded with a status of 503 (Service Unavailable) @ http://localhost:4042/whatsapp/qr:0
[  237044ms] [ERROR] Failed to load resource: the server responded with a status of 503 (Service Unavailable) @ http://localhost:4042/whatsapp/qr:0
[  240046ms] [ERROR] Failed to load resource: the server responded with a status of 503 (Service Unavailable) @ http://localhost:4042/whatsapp/qr:0
[  243046ms] [ERROR] Failed to load resource: the server responded with a status of 503 (Service Unavailable) @ http://localhost:4042/whatsapp/qr:0
[  246045ms] [ERROR] Failed to load resource: the server responded with a status of 503 (Service Unavailable) @ http://localhost:4042/whatsapp/qr:0
[  249046ms] [ERROR] Failed to load resource: the server responded with a status of 503 (Service Unavailable) @ http://localhost:4042/whatsapp/qr:0
[  252046ms] [ERROR] Failed to load resource: the server responded with a status of 503 (Service Unavailable) @ http://localhost:4042/whatsapp/qr:0
[  255046ms] [ERROR] Failed to load resource: the server responded with a status of 503 (Service Unavailable) @ http://localhost:4042/whatsapp/qr:0
[  258543ms] [ERROR] Failed to load resource: the server responded with a status of 503 (Service Unavailable) @ http://localhost:4042/whatsapp/qr:0
[  261044ms] [ERROR] Failed to load resource: the server responded with a status of 503 (Service Unavailable) @ http://localhost:4042/whatsapp/qr:0
[  264046ms] [ERROR] Failed to load resource: the server responded with a status of 503 (Service Unavailable) @ http://localhost:4042/whatsapp/qr:0
[  267044ms] [ERROR] Failed to load resource: the server responded with a status of 503 (Service Unavailable) @ http://localhost:4042/whatsapp/qr:0
[  270045ms] [ERROR] Failed to load resource: the server responded with a status of 503 (Service Unavailable) @ http://localhost:4042/whatsapp/qr:0
[  273047ms] [ERROR] Failed to load resource: the server responded with a status of 503 (Service Unavailable) @ http://localhost:4042/whatsapp/qr:0
[  276044ms] [ERROR] Failed to load resource: the server responded with a status of 503 (Service Unavailable) @ http://localhost:4042/whatsapp/qr:0
[  279044ms] [ERROR] Failed to load resource: the server responded with a status of 503 (Service Unavailable) @ http://localhost:4042/whatsapp/qr:0
[  282046ms] [ERROR] Failed to load resource: the server responded with a status of 503 (Service Unavailable) @ http://localhost:4042/whatsapp/qr:0
[  285046ms] [ERROR] Failed to load resource: the server responded with a status of 503 (Service Unavailable) @ http://localhost:4042/whatsapp/qr:0
[  288045ms] [ERROR] Failed to load resource: the server responded with a status of 503 (Service Unavailable) @ http://localhost:4042/whatsapp/qr:0
[  291046ms] [ERROR] Failed to load resource: the server responded with a status of 503 (Service Unavailable) @ http://localhost:4042/whatsapp/qr:0
[  294045ms] [ERROR] Failed to load resource: the server responded with a status of 503 (Service Unavailable) @ http://localhost:4042/whatsapp/qr:0
[  297045ms] [ERROR] Failed to load resource: the server responded with a status of 503 (Service Unavailable) @ http://localhost:4042/whatsapp/qr:0
[  300045ms] [ERROR] Failed to load resource: the server responded with a status of 503 (Service Unavailable) @ http://localhost:4042/whatsapp/qr:0
[  303045ms] [ERROR] Failed to load resource: the server responded with a status of 503 (Service Unavailable) @ http://localhost:4042/whatsapp/qr:0
[  306045ms] [ERROR] Failed to load resource: the server responded with a status of 503 (Service Unavailable) @ http://localhost:4042/whatsapp/qr:0
[  309045ms] [ERROR] Failed to load resource: the server responded with a status of 503 (Service Unavailable) @ http://localhost:4042/whatsapp/qr:0
[  312046ms] [ERROR] Failed to load resource: the server responded with a status of 503 (Service Unavailable) @ http://localhost:4042/whatsapp/qr:0
[  315045ms] [ERROR] Failed to load resource: the server responded with a status of 503 (Service Unavailable) @ http://localhost:4042/whatsapp/qr:0
[  318351ms] [ERROR] Failed to load resource: the server responded with a status of 503 (Service Unavailable) @ http://localhost:4042/whatsapp/qr:0
[  346874ms] [ERROR] Failed to load resource: net::ERR_CONNECTION_RESET @ http://localhost:4042/health:0
[  346875ms] [ERROR] Failed to load resource: net::ERR_CONNECTION_RESET @ http://localhost:4042/whatsapp/qr:0
[  346876ms] [ERROR] Failed to load resource: net::ERR_CONNECTION_REFUSED @ http://localhost:4042/whatsapp/qr:0
[  346876ms] [ERROR] Failed to load resource: net::ERR_CONNECTION_REFUSED @ http://localhost:4042/whatsapp/qr:0
[  346877ms] [ERROR] Failed to load resource: net::ERR_CONNECTION_REFUSED @ http://localhost:4042/whatsapp/qr:0
[  346877ms] [ERROR] Failed to load resource: net::ERR_CONNECTION_REFUSED @ http://localhost:4042/attention:0
[  346877ms] [ERROR] Failed to load resource: net::ERR_CONNECTION_REFUSED @ http://localhost:4042/whatsapp/qr:0
[  346877ms] [ERROR] Failed to load resource: net::ERR_CONNECTION_REFUSED @ http://localhost:4042/whatsapp/qr:0
[  346878ms] [ERROR] Failed to load resource: net::ERR_CONNECTION_REFUSED @ http://localhost:4042/whatsapp/qr:0
[  346878ms] [ERROR] Failed to load resource: net::ERR_CONNECTION_REFUSED @ http://localhost:4042/whatsapp/qr:0
[  346878ms] [ERROR] Failed to load resource: net::ERR_CONNECTION_REFUSED @ http://localhost:4042/whatsapp/qr:0
[  348016ms] [ERROR] WebSocket connection to 'ws://localhost:4042/ws?token=ed02ebe3-5e6e-4e57-ba1d-a8a0338063ea' failed: Error in connection establishment: net::ERR_CONNECTION_REFUSED @ http://localhost:4042/dashboard?token=ed02ebe3-5e6e-4e57-ba1d-a8a0338063ea:2971
[  348165ms] [ERROR] Failed to load resource: net::ERR_CONNECTION_REFUSED @ http://localhost:4042/whatsapp/qr:0
[  350162ms] [ERROR] WebSocket connection to 'ws://localhost:4042/ws?token=ed02ebe3-5e6e-4e57-ba1d-a8a0338063ea' failed: Error in connection establishment: net::ERR_CONNECTION_REFUSED @ http://localhost:4042/dashboard?token=ed02ebe3-5e6e-4e57-ba1d-a8a0338063ea:2971
[  351167ms] [ERROR] Failed to load resource: net::ERR_CONNECTION_REFUSED @ http://localhost:4042/whatsapp/qr:0
[  354181ms] [ERROR] Failed to load resource: net::ERR_CONNECTION_REFUSED @ http://localhost:4042/whatsapp/qr:0
[  354181ms] [ERROR] WebSocket connection to 'ws://localhost:4042/ws?token=ed02ebe3-5e6e-4e57-ba1d-a8a0338063ea' failed: Error in connection establishment: net::ERR_CONNECTION_REFUSED @ http://localhost:4042/dashboard?token=ed02ebe3-5e6e-4e57-ba1d-a8a0338063ea:2971
[  357067ms] [ERROR] Failed to load resource: net::ERR_CONNECTION_REFUSED @ http://localhost:4042/whatsapp/qr:0
[  360195ms] [ERROR] Failed to load resource: the server responded with a status of 503 (Service Unavailable) @ http://localhost:4042/whatsapp/qr:0
[  363041ms] [ERROR] Failed to load resource: the server responded with a status of 503 (Service Unavailable) @ http://localhost:4042/whatsapp/qr:0
[  366041ms] [ERROR] Failed to load resource: the server responded with a status of 503 (Service Unavailable) @ http://localhost:4042/whatsapp/qr:0
[  370022ms] [ERROR] Failed to load resource: the server responded with a status of 503 (Service Unavailable) @ http://localhost:4042/whatsapp/qr:0
[  372046ms] [ERROR] Failed to load resource: the server responded with a status of 503 (Service Unavailable) @ http://localhost:4042/whatsapp/qr:0
[  375060ms] [ERROR] Failed to load resource: the server responded with a status of 503 (Service Unavailable) @ http://localhost:4042/whatsapp/qr:0
[  378064ms] [ERROR] Failed to load resource: the server responded with a status of 503 (Service Unavailable) @ http://localhost:4042/whatsapp/qr:0
[  381047ms] [ERROR] Failed to load resource: the server responded with a status of 503 (Service Unavailable) @ http://localhost:4042/whatsapp/qr:0
[  384114ms] [ERROR] Failed to load resource: the server responded with a status of 503 (Service Unavailable) @ http://localhost:4042/whatsapp/qr:0
[  387041ms] [ERROR] Failed to load resource: the server responded with a status of 503 (Service Unavailable) @ http://localhost:4042/whatsapp/qr:0
[  390059ms] [ERROR] Failed to load resource: the server responded with a status of 503 (Service Unavailable) @ http://localhost:4042/whatsapp/qr:0
[  393048ms] [ERROR] Failed to load resource: the server responded with a status of 503 (Service Unavailable) @ http://localhost:4042/whatsapp/qr:0
[  396041ms] [ERROR] Failed to load resource: the server responded with a status of 503 (Service Unavailable) @ http://localhost:4042/whatsapp/qr:0
[  399098ms] [ERROR] Failed to load resource: the server responded with a status of 503 (Service Unavailable) @ http://localhost:4042/whatsapp/qr:0
[  402041ms] [ERROR] Failed to load resource: the server responded with a status of 503 (Service Unavailable) @ http://localhost:4042/whatsapp/qr:0
[  405074ms] [ERROR] Failed to load resource: the server responded with a status of 503 (Service Unavailable) @ http://localhost:4042/whatsapp/qr:0
[  408040ms] [ERROR] Failed to load resource: the server responded with a status of 503 (Service Unavailable) @ http://localhost:4042/whatsapp/qr:0
[  411040ms] [ERROR] Failed to load resource: the server responded with a status of 503 (Service Unavailable) @ http://localhost:4042/whatsapp/qr:0
[  414109ms] [ERROR] Failed to load resource: the server responded with a status of 503 (Service Unavailable) @ http://localhost:4042/whatsapp/qr:0
[  417042ms] [ERROR] Failed to load resource: the server responded with a status of 503 (Service Unavailable) @ http://localhost:4042/whatsapp/qr:0
[  421040ms] [ERROR] Failed to load resource: the server responded with a status of 503 (Service Unavailable) @ http://localhost:4042/whatsapp/qr:0
[  423040ms] [ERROR] Failed to load resource: the server responded with a status of 503 (Service Unavailable) @ http://localhost:4042/whatsapp/qr:0
[  426041ms] [ERROR] Failed to load resource: the server responded with a status of 503 (Service Unavailable) @ http://localhost:4042/whatsapp/qr:0
[  429040ms] [ERROR] Failed to load resource: the server responded with a status of 503 (Service Unavailable) @ http://localhost:4042/whatsapp/qr:0
[  432042ms] [ERROR] Failed to load resource: the server responded with a status of 503 (Service Unavailable) @ http://localhost:4042/whatsapp/qr:0
[  435040ms] [ERROR] Failed to load resource: the server responded with a status of 503 (Service Unavailable) @ http://localhost:4042/whatsapp/qr:0
[  438073ms] [ERROR] Failed to load resource: the server responded with a status of 503 (Service Unavailable) @ http://localhost:4042/whatsapp/qr:0
[  441305ms] [ERROR] Failed to load resource: the server responded with a status of 503 (Service Unavailable) @ http://localhost:4042/whatsapp/qr:0
[  444039ms] [ERROR] Failed to load resource: the server responded with a status of 503 (Service Unavailable) @ http://localhost:4042/whatsapp/qr:0
[  447041ms] [ERROR] Failed to load resource: the server responded with a status of 503 (Service Unavailable) @ http://localhost:4042/whatsapp/qr:0
[  450039ms] [ERROR] Failed to load resource: the server responded with a status of 503 (Service Unavailable) @ http://localhost:4042/whatsapp/qr:0
[  453040ms] [ERROR] Failed to load resource: the server responded with a status of 503 (Service Unavailable) @ http://localhost:4042/whatsapp/qr:0
[  456040ms] [ERROR] Failed to load resource: the server responded with a status of 503 (Service Unavailable) @ http://localhost:4042/whatsapp/qr:0
[  459040ms] [ERROR] Failed to load resource: the server responded with a status of 503 (Service Unavailable) @ http://localhost:4042/whatsapp/qr:0
[  462044ms] [ERROR] Failed to load resource: the server responded with a status of 503 (Service Unavailable) @ http://localhost:4042/whatsapp/qr:0
[  465039ms] [ERROR] Failed to load resource: the server responded with a status of 503 (Service Unavailable) @ http://localhost:4042/whatsapp/qr:0
[  468045ms] [ERROR] Failed to load resource: the server responded with a status of 503 (Service Unavailable) @ http://localhost:4042/whatsapp/qr:0
[  471040ms] [ERROR] Failed to load resource: the server responded with a status of 503 (Service Unavailable) @ http://localhost:4042/whatsapp/qr:0
[  474040ms] [ERROR] Failed to load resource: the server responded with a status of 503 (Service Unavailable) @ http://localhost:4042/whatsapp/qr:0
[  477040ms] [ERROR] Failed to load resource: the server responded with a status of 503 (Service Unavailable) @ http://localhost:4042/whatsapp/qr:0
[  480985ms] [ERROR] Failed to load resource: the server responded with a status of 503 (Service Unavailable) @ http://localhost:4042/whatsapp/qr:0
[  483039ms] [ERROR] Failed to load resource: the server responded with a status of 503 (Service Unavailable) @ http://localhost:4042/whatsapp/qr:0
[  486040ms] [ERROR] Failed to load resource: the server responded with a status of 503 (Service Unavailable) @ http://localhost:4042/whatsapp/qr:0
[  489040ms] [ERROR] Failed to load resource: the server responded with a status of 503 (Service Unavailable) @ http://localhost:4042/whatsapp/qr:0
[  492040ms] [ERROR] Failed to load resource: the server responded with a status of 503 (Service Unavailable) @ http://localhost:4042/whatsapp/qr:0
[  495040ms] [ERROR] Failed to load resource: the server responded with a status of 503 (Service Unavailable) @ http://localhost:4042/whatsapp/qr:0
[  498047ms] [ERROR] Failed to load resource: the server responded with a status of 503 (Service Unavailable) @ http://localhost:4042/whatsapp/qr:0
[  501040ms] [ERROR] Failed to load resource: the server responded with a status of 503 (Service Unavailable) @ http://localhost:4042/whatsapp/qr:0
[  504040ms] [ERROR] Failed to load resource: the server responded with a status of 503 (Service Unavailable) @ http://localhost:4042/whatsapp/qr:0
[  507041ms] [ERROR] Failed to load resource: the server responded with a status of 503 (Service Unavailable) @ http://localhost:4042/whatsapp/qr:0
[  510039ms] [ERROR] Failed to load resource: the server responded with a status of 503 (Service Unavailable) @ http://localhost:4042/whatsapp/qr:0
[  513040ms] [ERROR] Failed to load resource: the server responded with a status of 503 (Service Unavailable) @ http://localhost:4042/whatsapp/qr:0
[  516040ms] [ERROR] Failed to load resource: the server responded with a status of 503 (Service Unavailable) @ http://localhost:4042/whatsapp/qr:0
[  519040ms] [ERROR] Failed to load resource: the server responded with a status of 503 (Service Unavailable) @ http://localhost:4042/whatsapp/qr:0
[  522040ms] [ERROR] Failed to load resource: the server responded with a status of 503 (Service Unavailable) @ http://localhost:4042/whatsapp/qr:0
[  525040ms] [ERROR] Failed to load resource: the server responded with a status of 503 (Service Unavailable) @ http://localhost:4042/whatsapp/qr:0
[  528040ms] [ERROR] Failed to load resource: the server responded with a status of 503 (Service Unavailable) @ http://localhost:4042/whatsapp/qr:0
[  531039ms] [ERROR] Failed to load resource: the server responded with a status of 503 (Service Unavailable) @ http://localhost:4042/whatsapp/qr:0
[  534040ms] [ERROR] Failed to load resource: the server responded with a status of 503 (Service Unavailable) @ http://localhost:4042/whatsapp/qr:0
[  537040ms] [ERROR] Failed to load resource: the server responded with a status of 503 (Service Unavailable) @ http://localhost:4042/whatsapp/qr:0
[  540852ms] [ERROR] Failed to load resource: the server responded with a status of 503 (Service Unavailable) @ http://localhost:4042/whatsapp/qr:0
[  543043ms] [ERROR] Failed to load resource: the server responded with a status of 503 (Service Unavailable) @ http://localhost:4042/whatsapp/qr:0
[  546042ms] [ERROR] Failed to load resource: the server responded with a status of 503 (Service Unavailable) @ http://localhost:4042/whatsapp/qr:0
[  549041ms] [ERROR] Failed to load resource: the server responded with a status of 503 (Service Unavailable) @ http://localhost:4042/whatsapp/qr:0
[  552040ms] [ERROR] Failed to load resource: the server responded with a status of 503 (Service Unavailable) @ http://localhost:4042/whatsapp/qr:0
[  555038ms] [ERROR] Failed to load resource: the server responded with a status of 503 (Service Unavailable) @ http://localhost:4042/whatsapp/qr:0
[  558042ms] [ERROR] Failed to load resource: the server responded with a status of 503 (Service Unavailable) @ http://localhost:4042/whatsapp/qr:0
[  561041ms] [ERROR] Failed to load resource: the server responded with a status of 503 (Service Unavailable) @ http://localhost:4042/whatsapp/qr:0
[  564039ms] [ERROR] Failed to load resource: the server responded with a status of 503 (Service Unavailable) @ http://localhost:4042/whatsapp/qr:0
[  567040ms] [ERROR] Failed to load resource: the server responded with a status of 503 (Service Unavailable) @ http://localhost:4042/whatsapp/qr:0
[  570040ms] [ERROR] Failed to load resource: the server responded with a status of 503 (Service Unavailable) @ http://localhost:4042/whatsapp/qr:0
[  573043ms] [ERROR] Failed to load resource: the server responded with a status of 503 (Service Unavailable) @ http://localhost:4042/whatsapp/qr:0
[  576040ms] [ERROR] Failed to load resource: the server responded with a status of 503 (Service Unavailable) @ http://localhost:4042/whatsapp/qr:0
[  579039ms] [ERROR] Failed to load resource: the server responded with a status of 503 (Service Unavailable) @ http://localhost:4042/whatsapp/qr:0
[  582039ms] [ERROR] Failed to load resource: the server responded with a status of 503 (Service Unavailable) @ http://localhost:4042/whatsapp/qr:0
[  585038ms] [ERROR] Failed to load resource: the server responded with a status of 503 (Service Unavailable) @ http://localhost:4042/whatsapp/qr:0
[  588039ms] [ERROR] Failed to load resource: the server responded with a status of 503 (Service Unavailable) @ http://localhost:4042/whatsapp/qr:0
[  591042ms] [ERROR] Failed to load resource: the server responded with a status of 503 (Service Unavailable) @ http://localhost:4042/whatsapp/qr:0
[  594041ms] [ERROR] Failed to load resource: the server responded with a status of 503 (Service Unavailable) @ http://localhost:4042/whatsapp/qr:0
[  597040ms] [ERROR] Failed to load resource: the server responded with a status of 503 (Service Unavailable) @ http://localhost:4042/whatsapp/qr:0
[  600853ms] [ERROR] Failed to load resource: the server responded with a status of 503 (Service Unavailable) @ http://localhost:4042/whatsapp/qr:0
[  603038ms] [ERROR] Failed to load resource: the server responded with a status of 503 (Service Unavailable) @ http://localhost:4042/whatsapp/qr:0
[  606039ms] [ERROR] Failed to load resource: the server responded with a status of 503 (Service Unavailable) @ http://localhost:4042/whatsapp/qr:0
[  609040ms] [ERROR] Failed to load resource: the server responded with a status of 503 (Service Unavailable) @ http://localhost:4042/whatsapp/qr:0
[  612131ms] [ERROR] Failed to load resource: the server responded with a status of 503 (Service Unavailable) @ http://localhost:4042/whatsapp/qr:0
[  615043ms] [ERROR] Failed to load resource: the server responded with a status of 503 (Service Unavailable) @ http://localhost:4042/whatsapp/qr:0
[  618039ms] [ERROR] Failed to load resource: the server responded with a status of 503 (Service Unavailable) @ http://localhost:4042/whatsapp/qr:0
[  630813ms] [ERROR] Failed to load resource: the server responded with a status of 503 (Service Unavailable) @ http://localhost:4042/whatsapp/qr:0
[  630978ms] [ERROR] Failed to load resource: the server responded with a status of 503 (Service Unavailable) @ http://localhost:4042/whatsapp/qr:0
[  630992ms] [ERROR] Failed to load resource: the server responded with a status of 503 (Service Unavailable) @ http://localhost:4042/whatsapp/qr:0
[  631001ms] [ERROR] Failed to load resource: the server responded with a status of 503 (Service Unavailable) @ http://localhost:4042/whatsapp/qr:0
[  633040ms] [ERROR] Failed to load resource: the server responded with a status of 503 (Service Unavailable) @ http://localhost:4042/whatsapp/qr:0
[  636040ms] [ERROR] Failed to load resource: the server responded with a status of 503 (Service Unavailable) @ http://localhost:4042/whatsapp/qr:0
[  639038ms] [ERROR] Failed to load resource: the server responded with a status of 503 (Service Unavailable) @ http://localhost:4042/whatsapp/qr:0
[  642039ms] [ERROR] Failed to load resource: the server responded with a status of 503 (Service Unavailable) @ http://localhost:4042/whatsapp/qr:0
[  645039ms] [ERROR] Failed to load resource: the server responded with a status of 503 (Service Unavailable) @ http://localhost:4042/whatsapp/qr:0
[  648039ms] [ERROR] Failed to load resource: the server responded with a status of 503 (Service Unavailable) @ http://localhost:4042/whatsapp/qr:0
[  651141ms] [ERROR] Failed to load resource: the server responded with a status of 503 (Service Unavailable) @ http://localhost:4042/whatsapp/qr:0
[  654040ms] [ERROR] Failed to load resource: the server responded with a status of 503 (Service Unavailable) @ http://localhost:4042/whatsapp/qr:0
[  657048ms] [ERROR] Failed to load resource: the server responded with a status of 503 (Service Unavailable) @ http://localhost:4042/whatsapp/qr:0
[  666814ms] [ERROR] Failed to load resource: the server responded with a status of 503 (Service Unavailable) @ http://localhost:4042/whatsapp/qr:0
[  670696ms] [ERROR] Failed to load resource: the server responded with a status of 503 (Service Unavailable) @ http://localhost:4042/whatsapp/qr:0
[  670704ms] [ERROR] Failed to load resource: the server responded with a status of 503 (Service Unavailable) @ http://localhost:4042/whatsapp/qr:0
[  670707ms] [ERROR] Failed to load resource: the server responded with a status of 503 (Service Unavailable) @ http://localhost:4042/whatsapp/qr:0
[  672039ms] [ERROR] Failed to load resource: the server responded with a status of 503 (Service Unavailable) @ http://localhost:4042/whatsapp/qr:0
[  675047ms] [ERROR] Failed to load resource: the server responded with a status of 503 (Service Unavailable) @ http://localhost:4042/whatsapp/qr:0
[  678039ms] [ERROR] Failed to load resource: the server responded with a status of 503 (Service Unavailable) @ http://localhost:4042/whatsapp/qr:0
[  681038ms] [ERROR] Failed to load resource: the server responded with a status of 503 (Service Unavailable) @ http://localhost:4042/whatsapp/qr:0
[  684051ms] [ERROR] Failed to load resource: the server responded with a status of 503 (Service Unavailable) @ http://localhost:4042/whatsapp/qr:0
[  687066ms] [ERROR] Failed to load resource: the server responded with a status of 503 (Service Unavailable) @ http://localhost:4042/whatsapp/qr:0
[  690040ms] [ERROR] Failed to load resource: the server responded with a status of 503 (Service Unavailable) @ http://localhost:4042/whatsapp/qr:0
[  693039ms] [ERROR] Failed to load resource: the server responded with a status of 503 (Service Unavailable) @ http://localhost:4042/whatsapp/qr:0
[  696039ms] [ERROR] Failed to load resource: the server responded with a status of 503 (Service Unavailable) @ http://localhost:4042/whatsapp/qr:0
[  699039ms] [ERROR] Failed to load resource: the server responded with a status of 503 (Service Unavailable) @ http://localhost:4042/whatsapp/qr:0
[  704335ms] [ERROR] Failed to load resource: the server responded with a status of 503 (Service Unavailable) @ http://localhost:4042/whatsapp/qr:0
[  705039ms] [ERROR] Failed to load resource: the server responded with a status of 503 (Service Unavailable) @ http://localhost:4042/whatsapp/qr:0
[  708041ms] [ERROR] Failed to load resource: the server responded with a status of 503 (Service Unavailable) @ http://localhost:4042/whatsapp/qr:0
[  711037ms] [ERROR] Failed to load resource: the server responded with a status of 503 (Service Unavailable) @ http://localhost:4042/whatsapp/qr:0
[  714038ms] [ERROR] Failed to load resource: the server responded with a status of 503 (Service Unavailable) @ http://localhost:4042/whatsapp/qr:0
[  717039ms] [ERROR] Failed to load resource: the server responded with a status of 503 (Service Unavailable) @ http://localhost:4042/whatsapp/qr:0
[  721555ms] [ERROR] Failed to load resource: the server responded with a status of 503 (Service Unavailable) @ http://localhost:4042/whatsapp/qr:0
[  723039ms] [ERROR] Failed to load resource: the server responded with a status of 503 (Service Unavailable) @ http://localhost:4042/whatsapp/qr:0
[  726038ms] [ERROR] Failed to load resource: the server responded with a status of 503 (Service Unavailable) @ http://localhost:4042/whatsapp/qr:0
[  729037ms] [ERROR] Failed to load resource: the server responded with a status of 503 (Service Unavailable) @ http://localhost:4042/whatsapp/qr:0
[  732039ms] [ERROR] Failed to load resource: the server responded with a status of 503 (Service Unavailable) @ http://localhost:4042/whatsapp/qr:0
[  735042ms] [ERROR] Failed to load resource: the server responded with a status of 503 (Service Unavailable) @ http://localhost:4042/whatsapp/qr:0
[  738038ms] [ERROR] Failed to load resource: the server responded with a status of 503 (Service Unavailable) @ http://localhost:4042/whatsapp/qr:0
[  741059ms] [ERROR] Failed to load resource: the server responded with a status of 503 (Service Unavailable) @ http://localhost:4042/whatsapp/qr:0
[  744041ms] [ERROR] Failed to load resource: the server responded with a status of 503 (Service Unavailable) @ http://localhost:4042/whatsapp/qr:0
[  747039ms] [ERROR] Failed to load resource: the server responded with a status of 503 (Service Unavailable) @ http://localhost:4042/whatsapp/qr:0
[  750039ms] [ERROR] Failed to load resource: the server responded with a status of 503 (Service Unavailable) @ http://localhost:4042/whatsapp/qr:0
[  753039ms] [ERROR] Failed to load resource: the server responded with a status of 503 (Service Unavailable) @ http://localhost:4042/whatsapp/qr:0
[  756039ms] [ERROR] Failed to load resource: the server responded with a status of 503 (Service Unavailable) @ http://localhost:4042/whatsapp/qr:0
[  759038ms] [ERROR] Failed to load resource: the server responded with a status of 503 (Service Unavailable) @ http://localhost:4042/whatsapp/qr:0
[  762038ms] [ERROR] Failed to load resource: the server responded with a status of 503 (Service Unavailable) @ http://localhost:4042/whatsapp/qr:0
[  765039ms] [ERROR] Failed to load resource: the server responded with a status of 503 (Service Unavailable) @ http://localhost:4042/whatsapp/qr:0
[  768039ms] [ERROR] Failed to load resource: the server responded with a status of 503 (Service Unavailable) @ http://localhost:4042/whatsapp/qr:0
[  771038ms] [ERROR] Failed to load resource: the server responded with a status of 503 (Service Unavailable) @ http://localhost:4042/whatsapp/qr:0
[  774041ms] [ERROR] Failed to load resource: the server responded with a status of 503 (Service Unavailable) @ http://localhost:4042/whatsapp/qr:0
[  777046ms] [ERROR] Failed to load resource: the server responded with a status of 503 (Service Unavailable) @ http://localhost:4042/whatsapp/qr:0
[  782842ms] [ERROR] Failed to load resource: the server responded with a status of 503 (Service Unavailable) @ http://localhost:4042/whatsapp/qr:0
[  783134ms] [ERROR] Failed to load resource: the server responded with a status of 503 (Service Unavailable) @ http://localhost:4042/whatsapp/qr:0
[  786039ms] [ERROR] Failed to load resource: the server responded with a status of 503 (Service Unavailable) @ http://localhost:4042/whatsapp/qr:0
[  789039ms] [ERROR] Failed to load resource: the server responded with a status of 503 (Service Unavailable) @ http://localhost:4042/whatsapp/qr:0
[  792039ms] [ERROR] Failed to load resource: the server responded with a status of 503 (Service Unavailable) @ http://localhost:4042/whatsapp/qr:0
[  795038ms] [ERROR] Failed to load resource: the server responded with a status of 503 (Service Unavailable) @ http://localhost:4042/whatsapp/qr:0
[  798104ms] [ERROR] Failed to load resource: the server responded with a status of 503 (Service Unavailable) @ http://localhost:4042/whatsapp/qr:0
[  801038ms] [ERROR] Failed to load resource: the server responded with a status of 503 (Service Unavailable) @ http://localhost:4042/whatsapp/qr:0
[  804038ms] [ERROR] Failed to load resource: the server responded with a status of 503 (Service Unavailable) @ http://localhost:4042/whatsapp/qr:0
[  807038ms] [ERROR] Failed to load resource: the server responded with a status of 503 (Service Unavailable) @ http://localhost:4042/whatsapp/qr:0
[  810049ms] [ERROR] Failed to load resource: the server responded with a status of 503 (Service Unavailable) @ http://localhost:4042/whatsapp/qr:0
[  813053ms] [ERROR] Failed to load resource: the server responded with a status of 503 (Service Unavailable) @ http://localhost:4042/whatsapp/qr:0
[  816079ms] [ERROR] Failed to load resource: the server responded with a status of 503 (Service Unavailable) @ http://localhost:4042/whatsapp/qr:0
[  819038ms] [ERROR] Failed to load resource: the server responded with a status of 503 (Service Unavailable) @ http://localhost:4042/whatsapp/qr:0
[  822037ms] [ERROR] Failed to load resource: the server responded with a status of 503 (Service Unavailable) @ http://localhost:4042/whatsapp/qr:0
[  825038ms] [ERROR] Failed to load resource: the server responded with a status of 503 (Service Unavailable) @ http://localhost:4042/whatsapp/qr:0
[  828090ms] [ERROR] Failed to load resource: the server responded with a status of 503 (Service Unavailable) @ http://localhost:4042/whatsapp/qr:0
[  831038ms] [ERROR] Failed to load resource: the server responded with a status of 503 (Service Unavailable) @ http://localhost:4042/whatsapp/qr:0
[  834038ms] [ERROR] Failed to load resource: the server responded with a status of 503 (Service Unavailable) @ http://localhost:4042/whatsapp/qr:0
[  837042ms] [ERROR] Failed to load resource: the server responded with a status of 503 (Service Unavailable) @ http://localhost:4042/whatsapp/qr:0
[  841111ms] [ERROR] Failed to load resource: the server responded with a status of 503 (Service Unavailable) @ http://localhost:4042/whatsapp/qr:0
[  843086ms] [ERROR] Failed to load resource: the server responded with a status of 503 (Service Unavailable) @ http://localhost:4042/whatsapp/qr:0
[  846038ms] [ERROR] Failed to load resource: the server responded with a status of 503 (Service Unavailable) @ http://localhost:4042/whatsapp/qr:0
[  849038ms] [ERROR] Failed to load resource: the server responded with a status of 503 (Service Unavailable) @ http://localhost:4042/whatsapp/qr:0
[  852039ms] [ERROR] Failed to load resource: the server responded with a status of 503 (Service Unavailable) @ http://localhost:4042/whatsapp/qr:0
[  855038ms] [ERROR] Failed to load resource: the server responded with a status of 503 (Service Unavailable) @ http://localhost:4042/whatsapp/qr:0
[  858036ms] [ERROR] Failed to load resource: the server responded with a status of 503 (Service Unavailable) @ http://localhost:4042/whatsapp/qr:0
[  861038ms] [ERROR] Failed to load resource: the server responded with a status of 503 (Service Unavailable) @ http://localhost:4042/whatsapp/qr:0
[  864037ms] [ERROR] Failed to load resource: the server responded with a status of 503 (Service Unavailable) @ http://localhost:4042/whatsapp/qr:0
[  867040ms] [ERROR] Failed to load resource: the server responded with a status of 503 (Service Unavailable) @ http://localhost:4042/whatsapp/qr:0
[  870039ms] [ERROR] Failed to load resource: the server responded with a status of 503 (Service Unavailable) @ http://localhost:4042/whatsapp/qr:0
[  873037ms] [ERROR] Failed to load resource: the server responded with a status of 503 (Service Unavailable) @ http://localhost:4042/whatsapp/qr:0
[  876038ms] [ERROR] Failed to load resource: the server responded with a status of 503 (Service Unavailable) @ http://localhost:4042/whatsapp/qr:0
[  879037ms] [ERROR] Failed to load resource: the server responded with a status of 503 (Service Unavailable) @ http://localhost:4042/whatsapp/qr:0
[  882039ms] [ERROR] Failed to load resource: the server responded with a status of 503 (Service Unavailable) @ http://localhost:4042/whatsapp/qr:0
[  885039ms] [ERROR] Failed to load resource: the server responded with a status of 503 (Service Unavailable) @ http://localhost:4042/whatsapp/qr:0
[  888038ms] [ERROR] Failed to load resource: the server responded with a status of 503 (Service Unavailable) @ http://localhost:4042/whatsapp/qr:0
[  891036ms] [ERROR] Failed to load resource: the server responded with a status of 503 (Service Unavailable) @ http://localhost:4042/whatsapp/qr:0
[  894037ms] [ERROR] Failed to load resource: the server responded with a status of 503 (Service Unavailable) @ http://localhost:4042/whatsapp/qr:0
[  897037ms] [ERROR] Failed to load resource: the server responded with a status of 503 (Service Unavailable) @ http://localhost:4042/whatsapp/qr:0
[  900955ms] [ERROR] Failed to load resource: the server responded with a status of 503 (Service Unavailable) @ http://localhost:4042/whatsapp/qr:0
[  903039ms] [ERROR] Failed to load resource: the server responded with a status of 503 (Service Unavailable) @ http://localhost:4042/whatsapp/qr:0
[  906037ms] [ERROR] Failed to load resource: the server responded with a status of 503 (Service Unavailable) @ http://localhost:4042/whatsapp/qr:0
[  909038ms] [ERROR] Failed to load resource: the server responded with a status of 503 (Service Unavailable) @ http://localhost:4042/whatsapp/qr:0
[  912037ms] [ERROR] Failed to load resource: the server responded with a status of 503 (Service Unavailable) @ http://localhost:4042/whatsapp/qr:0
[  915039ms] [ERROR] Failed to load resource: the server responded with a status of 503 (Service Unavailable) @ http://localhost:4042/whatsapp/qr:0
[  918039ms] [ERROR] Failed to load resource: the server responded with a status of 503 (Service Unavailable) @ http://localhost:4042/whatsapp/qr:0
[  930614ms] [ERROR] Failed to load resource: the server responded with a status of 503 (Service Unavailable) @ http://localhost:4042/whatsapp/qr:0
[  930682ms] [ERROR] Failed to load resource: the server responded with a status of 503 (Service Unavailable) @ http://localhost:4042/whatsapp/qr:0
[  930688ms] [ERROR] Failed to load resource: the server responded with a status of 503 (Service Unavailable) @ http://localhost:4042/whatsapp/qr:0
[  930689ms] [ERROR] Failed to load resource: the server responded with a status of 503 (Service Unavailable) @ http://localhost:4042/whatsapp/qr:0
[  933038ms] [ERROR] Failed to load resource: the server responded with a status of 503 (Service Unavailable) @ http://localhost:4042/whatsapp/qr:0
[  936036ms] [ERROR] Failed to load resource: the server responded with a status of 503 (Service Unavailable) @ http://localhost:4042/whatsapp/qr:0
[  939037ms] [ERROR] Failed to load resource: the server responded with a status of 503 (Service Unavailable) @ http://localhost:4042/whatsapp/qr:0
[  942037ms] [ERROR] Failed to load resource: the server responded with a status of 503 (Service Unavailable) @ http://localhost:4042/whatsapp/qr:0
[  945036ms] [ERROR] Failed to load resource: the server responded with a status of 503 (Service Unavailable) @ http://localhost:4042/whatsapp/qr:0
[  948037ms] [ERROR] Failed to load resource: the server responded with a status of 503 (Service Unavailable) @ http://localhost:4042/whatsapp/qr:0
[  951112ms] [ERROR] Failed to load resource: the server responded with a status of 503 (Service Unavailable) @ http://localhost:4042/whatsapp/qr:0
[  954046ms] [ERROR] Failed to load resource: the server responded with a status of 503 (Service Unavailable) @ http://localhost:4042/whatsapp/qr:0
[  957042ms] [ERROR] Failed to load resource: the server responded with a status of 503 (Service Unavailable) @ http://localhost:4042/whatsapp/qr:0
[  962123ms] [ERROR] Failed to load resource: the server responded with a status of 503 (Service Unavailable) @ http://localhost:4042/whatsapp/qr:0
[  963074ms] [ERROR] Failed to load resource: the server responded with a status of 503 (Service Unavailable) @ http://localhost:4042/whatsapp/qr:0
[  966037ms] [ERROR] Failed to load resource: the server responded with a status of 503 (Service Unavailable) @ http://localhost:4042/whatsapp/qr:0
[  969036ms] [ERROR] Failed to load resource: the server responded with a status of 503 (Service Unavailable) @ http://localhost:4042/whatsapp/qr:0
[  972041ms] [ERROR] Failed to load resource: the server responded with a status of 503 (Service Unavailable) @ http://localhost:4042/whatsapp/qr:0
[  975038ms] [ERROR] Failed to load resource: the server responded with a status of 503 (Service Unavailable) @ http://localhost:4042/whatsapp/qr:0
[  978042ms] [ERROR] Failed to load resource: the server responded with a status of 503 (Service Unavailable) @ http://localhost:4042/whatsapp/qr:0
[  981042ms] [ERROR] Failed to load resource: the server responded with a status of 503 (Service Unavailable) @ http://localhost:4042/whatsapp/qr:0
[  984041ms] [ERROR] Failed to load resource: the server responded with a status of 503 (Service Unavailable) @ http://localhost:4042/whatsapp/qr:0
[  987043ms] [ERROR] Failed to load resource: the server responded with a status of 503 (Service Unavailable) @ http://localhost:4042/whatsapp/qr:0
[  990043ms] [ERROR] Failed to load resource: the server responded with a status of 503 (Service Unavailable) @ http://localhost:4042/whatsapp/qr:0
[  993050ms] [ERROR] Failed to load resource: the server responded with a status of 503 (Service Unavailable) @ http://localhost:4042/whatsapp/qr:0
[  996041ms] [ERROR] Failed to load resource: the server responded with a status of 503 (Service Unavailable) @ http://localhost:4042/whatsapp/qr:0
[  999041ms] [ERROR] Failed to load resource: the server responded with a status of 503 (Service Unavailable) @ http://localhost:4042/whatsapp/qr:0
[ 1002041ms] [ERROR] Failed to load resource: the server responded with a status of 503 (Service Unavailable) @ http://localhost:4042/whatsapp/qr:0
[ 1005041ms] [ERROR] Failed to load resource: the server responded with a status of 503 (Service Unavailable) @ http://localhost:4042/whatsapp/qr:0
[ 1008043ms] [ERROR] Failed to load resource: the server responded with a status of 503 (Service Unavailable) @ http://localhost:4042/whatsapp/qr:0
[ 1011037ms] [ERROR] Failed to load resource: the server responded with a status of 503 (Service Unavailable) @ http://localhost:4042/whatsapp/qr:0
[ 1014036ms] [ERROR] Failed to load resource: the server responded with a status of 503 (Service Unavailable) @ http://localhost:4042/whatsapp/qr:0
[ 1017038ms] [ERROR] Failed to load resource: the server responded with a status of 503 (Service Unavailable) @ http://localhost:4042/whatsapp/qr:0
[ 1023907ms] [ERROR] Failed to load resource: the server responded with a status of 503 (Service Unavailable) @ http://localhost:4042/whatsapp/qr:0
[ 1023944ms] [ERROR] Failed to load resource: the server responded with a status of 503 (Service Unavailable) @ http://localhost:4042/whatsapp/qr:0
[ 1026041ms] [ERROR] Failed to load resource: the server responded with a status of 503 (Service Unavailable) @ http://localhost:4042/whatsapp/qr:0
[ 1029107ms] [ERROR] Failed to load resource: the server responded with a status of 503 (Service Unavailable) @ http://localhost:4042/whatsapp/qr:0
[ 1032041ms] [ERROR] Failed to load resource: the server responded with a status of 503 (Service Unavailable) @ http://localhost:4042/whatsapp/qr:0
[ 1035040ms] [ERROR] Failed to load resource: the server responded with a status of 503 (Service Unavailable) @ http://localhost:4042/whatsapp/qr:0
[ 1038040ms] [ERROR] Failed to load resource: the server responded with a status of 503 (Service Unavailable) @ http://localhost:4042/whatsapp/qr:0
[ 1041040ms] [ERROR] Failed to load resource: the server responded with a status of 503 (Service Unavailable) @ http://localhost:4042/whatsapp/qr:0
[ 1044119ms] [ERROR] Failed to load resource: the server responded with a status of 503 (Service Unavailable) @ http://localhost:4042/whatsapp/qr:0
[ 1047041ms] [ERROR] Failed to load resource: the server responded with a status of 503 (Service Unavailable) @ http://localhost:4042/whatsapp/qr:0
[ 1050040ms] [ERROR] Failed to load resource: the server responded with a status of 503 (Service Unavailable) @ http://localhost:4042/whatsapp/qr:0
[ 1053041ms] [ERROR] Failed to load resource: the server responded with a status of 503 (Service Unavailable) @ http://localhost:4042/whatsapp/qr:0
[ 1056040ms] [ERROR] Failed to load resource: the server responded with a status of 503 (Service Unavailable) @ http://localhost:4042/whatsapp/qr:0
[ 1059117ms] [ERROR] Failed to load resource: the server responded with a status of 503 (Service Unavailable) @ http://localhost:4042/whatsapp/qr:0
[ 1062041ms] [ERROR] Failed to load resource: the server responded with a status of 503 (Service Unavailable) @ http://localhost:4042/whatsapp/qr:0
[ 1065041ms] [ERROR] Failed to load resource: the server responded with a status of 503 (Service Unavailable) @ http://localhost:4042/whatsapp/qr:0
[ 1068042ms] [ERROR] Failed to load resource: the server responded with a status of 503 (Service Unavailable) @ http://localhost:4042/whatsapp/qr:0
[ 1071041ms] [ERROR] Failed to load resource: the server responded with a status of 503 (Service Unavailable) @ http://localhost:4042/whatsapp/qr:0
[ 1074093ms] [ERROR] Failed to load resource: the server responded with a status of 503 (Service Unavailable) @ http://localhost:4042/whatsapp/qr:0
[ 1077040ms] [ERROR] Failed to load resource: the server responded with a status of 503 (Service Unavailable) @ http://localhost:4042/whatsapp/qr:0
[ 1081294ms] [ERROR] Failed to load resource: the server responded with a status of 503 (Service Unavailable) @ http://localhost:4042/whatsapp/qr:0
[ 1083036ms] [ERROR] Failed to load resource: the server responded with a status of 503 (Service Unavailable) @ http://localhost:4042/whatsapp/qr:0
[ 1086039ms] [ERROR] Failed to load resource: the server responded with a status of 503 (Service Unavailable) @ http://localhost:4042/whatsapp/qr:0
[ 1089063ms] [ERROR] Failed to load resource: the server responded with a status of 503 (Service Unavailable) @ http://localhost:4042/whatsapp/qr:0
[ 1092036ms] [ERROR] Failed to load resource: the server responded with a status of 503 (Service Unavailable) @ http://localhost:4042/whatsapp/qr:0
[ 1095037ms] [ERROR] Failed to load resource: the server responded with a status of 503 (Service Unavailable) @ http://localhost:4042/whatsapp/qr:0
[ 1098037ms] [ERROR] Failed to load resource: the server responded with a status of 503 (Service Unavailable) @ http://localhost:4042/whatsapp/qr:0
[ 1101037ms] [ERROR] Failed to load resource: the server responded with a status of 503 (Service Unavailable) @ http://localhost:4042/whatsapp/qr:0
[ 1104036ms] [ERROR] Failed to load resource: the server responded with a status of 503 (Service Unavailable) @ http://localhost:4042/whatsapp/qr:0
[ 1107036ms] [ERROR] Failed to load resource: the server responded with a status of 503 (Service Unavailable) @ http://localhost:4042/whatsapp/qr:0
[ 1110035ms] [ERROR] Failed to load resource: the server responded with a status of 503 (Service Unavailable) @ http://localhost:4042/whatsapp/qr:0
[ 1113039ms] [ERROR] Failed to load resource: the server responded with a status of 503 (Service Unavailable) @ http://localhost:4042/whatsapp/qr:0
[ 1116037ms] [ERROR] Failed to load resource: the server responded with a status of 503 (Service Unavailable) @ http://localhost:4042/whatsapp/qr:0
[ 1119048ms] [ERROR] Failed to load resource: the server responded with a status of 503 (Service Unavailable) @ http://localhost:4042/whatsapp/qr:0
[ 1122038ms] [ERROR] Failed to load resource: the server responded with a status of 503 (Service Unavailable) @ http://localhost:4042/whatsapp/qr:0
[ 1125036ms] [ERROR] Failed to load resource: the server responded with a status of 503 (Service Unavailable) @ http://localhost:4042/whatsapp/qr:0
[ 1128042ms] [ERROR] Failed to load resource: the server responded with a status of 503 (Service Unavailable) @ http://localhost:4042/whatsapp/qr:0
[ 1131037ms] [ERROR] Failed to load resource: the server responded with a status of 503 (Service Unavailable) @ http://localhost:4042/whatsapp/qr:0
[ 1134087ms] [ERROR] Failed to load resource: the server responded with a status of 503 (Service Unavailable) @ http://localhost:4042/whatsapp/qr:0
[ 1137036ms] [ERROR] Failed to load resource: the server responded with a status of 503 (Service Unavailable) @ http://localhost:4042/whatsapp/qr:0
[ 1141351ms] [ERROR] Failed to load resource: the server responded with a status of 503 (Service Unavailable) @ http://localhost:4042/whatsapp/qr:0
[ 1143037ms] [ERROR] Failed to load resource: the server responded with a status of 503 (Service Unavailable) @ http://localhost:4042/whatsapp/qr:0
[ 1146035ms] [ERROR] Failed to load resource: the server responded with a status of 503 (Service Unavailable) @ http://localhost:4042/whatsapp/qr:0
[ 1149048ms] [ERROR] Failed to load resource: the server responded with a status of 503 (Service Unavailable) @ http://localhost:4042/whatsapp/qr:0
[ 1152036ms] [ERROR] Failed to load resource: the server responded with a status of 503 (Service Unavailable) @ http://localhost:4042/whatsapp/qr:0
[ 1155036ms] [ERROR] Failed to load resource: the server responded with a status of 503 (Service Unavailable) @ http://localhost:4042/whatsapp/qr:0
[ 1158036ms] [ERROR] Failed to load resource: the server responded with a status of 503 (Service Unavailable) @ http://localhost:4042/whatsapp/qr:0
[ 1161036ms] [ERROR] Failed to load resource: the server responded with a status of 503 (Service Unavailable) @ http://localhost:4042/whatsapp/qr:0
[ 1164054ms] [ERROR] Failed to load resource: the server responded with a status of 503 (Service Unavailable) @ http://localhost:4042/whatsapp/qr:0
[ 1167035ms] [ERROR] Failed to load resource: the server responded with a status of 503 (Service Unavailable) @ http://localhost:4042/whatsapp/qr:0
[ 1170036ms] [ERROR] Failed to load resource: the server responded with a status of 503 (Service Unavailable) @ http://localhost:4042/whatsapp/qr:0
[ 1173036ms] [ERROR] Failed to load resource: the server responded with a status of 503 (Service Unavailable) @ http://localhost:4042/whatsapp/qr:0
[ 1176035ms] [ERROR] Failed to load resource: the server responded with a status of 503 (Service Unavailable) @ http://localhost:4042/whatsapp/qr:0
[ 1179070ms] [ERROR] Failed to load resource: the server responded with a status of 503 (Service Unavailable) @ http://localhost:4042/whatsapp/qr:0
[ 1182037ms] [ERROR] Failed to load resource: the server responded with a status of 503 (Service Unavailable) @ http://localhost:4042/whatsapp/qr:0
[ 1185036ms] [ERROR] Failed to load resource: the server responded with a status of 503 (Service Unavailable) @ http://localhost:4042/whatsapp/qr:0
[ 1188037ms] [ERROR] Failed to load resource: the server responded with a status of 503 (Service Unavailable) @ http://localhost:4042/whatsapp/qr:0
[ 1191035ms] [ERROR] Failed to load resource: the server responded with a status of 503 (Service Unavailable) @ http://localhost:4042/whatsapp/qr:0
[ 1194076ms] [ERROR] Failed to load resource: the server responded with a status of 503 (Service Unavailable) @ http://localhost:4042/whatsapp/qr:0
[ 1197036ms] [ERROR] Failed to load resource: the server responded with a status of 503 (Service Unavailable) @ http://localhost:4042/whatsapp/qr:0
[ 1200953ms] [ERROR] Failed to load resource: the server responded with a status of 503 (Service Unavailable) @ http://localhost:4042/whatsapp/qr:0
[ 1203037ms] [ERROR] Failed to load resource: the server responded with a status of 503 (Service Unavailable) @ http://localhost:4042/whatsapp/qr:0
[ 1206036ms] [ERROR] Failed to load resource: the server responded with a status of 503 (Service Unavailable) @ http://localhost:4042/whatsapp/qr:0
[ 1209073ms] [ERROR] Failed to load resource: the server responded with a status of 503 (Service Unavailable) @ http://localhost:4042/whatsapp/qr:0
[ 1212037ms] [ERROR] Failed to load resource: the server responded with a status of 503 (Service Unavailable) @ http://localhost:4042/whatsapp/qr:0
[ 1215035ms] [ERROR] Failed to load resource: the server responded with a status of 503 (Service Unavailable) @ http://localhost:4042/whatsapp/qr:0
[ 1218036ms] [ERROR] Failed to load resource: the server responded with a status of 503 (Service Unavailable) @ http://localhost:4042/whatsapp/qr:0
[ 1240591ms] [ERROR] Failed to load resource: the server responded with a status of 503 (Service Unavailable) @ http://localhost:4042/whatsapp/qr:0
[ 1240648ms] [ERROR] Failed to load resource: the server responded with a status of 503 (Service Unavailable) @ http://localhost:4042/whatsapp/qr:0
[ 1240652ms] [ERROR] Failed to load resource: the server responded with a status of 503 (Service Unavailable) @ http://localhost:4042/whatsapp/qr:0
[ 1240653ms] [ERROR] Failed to load resource: the server responded with a status of 503 (Service Unavailable) @ http://localhost:4042/whatsapp/qr:0
[ 1240654ms] [ERROR] Failed to load resource: the server responded with a status of 503 (Service Unavailable) @ http://localhost:4042/whatsapp/qr:0
[ 1240655ms] [ERROR] Failed to load resource: the server responded with a status of 503 (Service Unavailable) @ http://localhost:4042/whatsapp/qr:0
[ 1240656ms] [ERROR] Failed to load resource: the server responded with a status of 503 (Service Unavailable) @ http://localhost:4042/whatsapp/qr:0
[ 1242037ms] [ERROR] Failed to load resource: the server responded with a status of 503 (Service Unavailable) @ http://localhost:4042/whatsapp/qr:0
[ 1245103ms] [ERROR] Failed to load resource: net::ERR_CONNECTION_REFUSED @ http://localhost:4042/whatsapp/qr:0
[ 1245103ms] [ERROR] WebSocket connection to 'ws://localhost:4042/ws?token=ed02ebe3-5e6e-4e57-ba1d-a8a0338063ea' failed: Error in connection establishment: net::ERR_CONNECTION_REFUSED @ http://localhost:4042/dashboard?token=ed02ebe3-5e6e-4e57-ba1d-a8a0338063ea:2971
[ 1247174ms] [ERROR] WebSocket connection to 'ws://localhost:4042/ws?token=ed02ebe3-5e6e-4e57-ba1d-a8a0338063ea' failed: Error in connection establishment: net::ERR_CONNECTION_REFUSED @ http://localhost:4042/dashboard?token=ed02ebe3-5e6e-4e57-ba1d-a8a0338063ea:2971
[ 1248137ms] [ERROR] Failed to load resource: net::ERR_CONNECTION_REFUSED @ http://localhost:4042/whatsapp/qr:0
[ 1251104ms] [ERROR] Failed to load resource: net::ERR_CONNECTION_REFUSED @ http://localhost:4042/whatsapp/qr:0
[ 1251241ms] [ERROR] WebSocket connection to 'ws://localhost:4042/ws?token=ed02ebe3-5e6e-4e57-ba1d-a8a0338063ea' failed: Error in connection establishment: net::ERR_CONNECTION_REFUSED @ http://localhost:4042/dashboard?token=ed02ebe3-5e6e-4e57-ba1d-a8a0338063ea:2971
[ 1254107ms] [ERROR] Failed to load resource: net::ERR_CONNECTION_REFUSED @ http://localhost:4042/whatsapp/qr:0
[ 1257103ms] [ERROR] Failed to load resource: net::ERR_CONNECTION_REFUSED @ http://localhost:4042/whatsapp/qr:0
[ 1259314ms] [ERROR] WebSocket connection to 'ws://localhost:4042/ws?token=ed02ebe3-5e6e-4e57-ba1d-a8a0338063ea' failed: Error in connection establishment: net::ERR_CONNECTION_REFUSED @ http://localhost:4042/dashboard?token=ed02ebe3-5e6e-4e57-ba1d-a8a0338063ea:2971
[ 1260108ms] [ERROR] Failed to load resource: net::ERR_CONNECTION_REFUSED @ http://localhost:4042/whatsapp/qr:0
[ 1260109ms] [ERROR] Failed to load resource: net::ERR_CONNECTION_REFUSED @ http://localhost:4042/health:0
[ 1260109ms] [ERROR] Failed to load resource: net::ERR_CONNECTION_REFUSED @ http://localhost:4042/attention:0
[ 1263107ms] [ERROR] Failed to load resource: net::ERR_CONNECTION_REFUSED @ http://localhost:4042/whatsapp/qr:0
[ 1266111ms] [ERROR] Failed to load resource: net::ERR_CONNECTION_REFUSED @ http://localhost:4042/whatsapp/qr:0
[ 1269108ms] [ERROR] Failed to load resource: net::ERR_CONNECTION_REFUSED @ http://localhost:4042/whatsapp/qr:0
[ 1272108ms] [ERROR] Failed to load resource: net::ERR_CONNECTION_REFUSED @ http://localhost:4042/whatsapp/qr:0
[ 1275107ms] [ERROR] Failed to load resource: net::ERR_CONNECTION_REFUSED @ http://localhost:4042/whatsapp/qr:0
[ 1275394ms] [ERROR] WebSocket connection to 'ws://localhost:4042/ws?token=ed02ebe3-5e6e-4e57-ba1d-a8a0338063ea' failed: Error in connection establishment: net::ERR_CONNECTION_REFUSED @ http://localhost:4042/dashboard?token=ed02ebe3-5e6e-4e57-ba1d-a8a0338063ea:2971
[ 1278112ms] [ERROR] Failed to load resource: net::ERR_CONNECTION_REFUSED @ http://localhost:4042/whatsapp/qr:0
[ 1281092ms] [ERROR] Failed to load resource: net::ERR_CONNECTION_REFUSED @ http://localhost:4042/whatsapp/qr:0
[ 1284108ms] [ERROR] Failed to load resource: net::ERR_CONNECTION_REFUSED @ http://localhost:4042/whatsapp/qr:0
[ 1287105ms] [ERROR] Failed to load resource: net::ERR_CONNECTION_REFUSED @ http://localhost:4042/whatsapp/qr:0
[ 1290109ms] [ERROR] Failed to load resource: net::ERR_CONNECTION_REFUSED @ http://localhost:4042/whatsapp/qr:0
[ 1290109ms] [ERROR] Failed to load resource: net::ERR_CONNECTION_REFUSED @ http://localhost:4042/health:0
[ 1290110ms] [ERROR] Failed to load resource: net::ERR_CONNECTION_REFUSED @ http://localhost:4042/attention:0
[ 1293100ms] [ERROR] Failed to load resource: net::ERR_CONNECTION_REFUSED @ http://localhost:4042/whatsapp/qr:0
[ 1296052ms] [ERROR] Failed to load resource: net::ERR_CONNECTION_REFUSED @ http://localhost:4042/whatsapp/qr:0
[ 1299111ms] [ERROR] Failed to load resource: net::ERR_CONNECTION_REFUSED @ http://localhost:4042/whatsapp/qr:0
[ 1302109ms] [ERROR] Failed to load resource: net::ERR_CONNECTION_REFUSED @ http://localhost:4042/whatsapp/qr:0
[ 1305106ms] [ERROR] Failed to load resource: net::ERR_CONNECTION_REFUSED @ http://localhost:4042/whatsapp/qr:0
[ 1305491ms] [ERROR] WebSocket connection to 'ws://localhost:4042/ws?token=ed02ebe3-5e6e-4e57-ba1d-a8a0338063ea' failed: Error in connection establishment: net::ERR_CONNECTION_REFUSED @ http://localhost:4042/dashboard?token=ed02ebe3-5e6e-4e57-ba1d-a8a0338063ea:2971
[ 1308051ms] [ERROR] Failed to load resource: net::ERR_CONNECTION_REFUSED @ http://localhost:4042/whatsapp/qr:0
[ 1311107ms] [ERROR] Failed to load resource: net::ERR_CONNECTION_REFUSED @ http://localhost:4042/whatsapp/qr:0
[ 1314106ms] [ERROR] Failed to load resource: net::ERR_CONNECTION_REFUSED @ http://localhost:4042/whatsapp/qr:0
[ 1317105ms] [ERROR] Failed to load resource: net::ERR_CONNECTION_REFUSED @ http://localhost:4042/whatsapp/qr:0
[ 1320109ms] [ERROR] Failed to load resource: net::ERR_CONNECTION_REFUSED @ http://localhost:4042/whatsapp/qr:0
[ 1320109ms] [ERROR] Failed to load resource: net::ERR_CONNECTION_REFUSED @ http://localhost:4042/health:0
[ 1320110ms] [ERROR] Failed to load resource: net::ERR_CONNECTION_REFUSED @ http://localhost:4042/attention:0
[ 1323102ms] [ERROR] Failed to load resource: net::ERR_CONNECTION_REFUSED @ http://localhost:4042/whatsapp/qr:0
[ 1326106ms] [ERROR] Failed to load resource: net::ERR_CONNECTION_REFUSED @ http://localhost:4042/whatsapp/qr:0
[ 1329108ms] [ERROR] Failed to load resource: net::ERR_CONNECTION_REFUSED @ http://localhost:4042/whatsapp/qr:0
[ 1332093ms] [ERROR] Failed to load resource: net::ERR_CONNECTION_REFUSED @ http://localhost:4042/whatsapp/qr:0
[ 1335099ms] [ERROR] Failed to load resource: net::ERR_CONNECTION_REFUSED @ http://localhost:4042/whatsapp/qr:0
[ 1335596ms] [ERROR] WebSocket connection to 'ws://localhost:4042/ws?token=ed02ebe3-5e6e-4e57-ba1d-a8a0338063ea' failed: Error in connection establishment: net::ERR_CONNECTION_REFUSED @ http://localhost:4042/dashboard?token=ed02ebe3-5e6e-4e57-ba1d-a8a0338063ea:2971
[ 1338105ms] [ERROR] Failed to load resource: net::ERR_CONNECTION_REFUSED @ http://localhost:4042/whatsapp/qr:0
[ 1341101ms] [ERROR] Failed to load resource: net::ERR_CONNECTION_REFUSED @ http://localhost:4042/whatsapp/qr:0
[ 1344108ms] [ERROR] Failed to load resource: net::ERR_CONNECTION_REFUSED @ http://localhost:4042/whatsapp/qr:0
[ 1347107ms] [ERROR] Failed to load resource: net::ERR_CONNECTION_REFUSED @ http://localhost:4042/whatsapp/qr:0
[ 1350107ms] [ERROR] Failed to load resource: net::ERR_CONNECTION_REFUSED @ http://localhost:4042/whatsapp/qr:0
[ 1350108ms] [ERROR] Failed to load resource: net::ERR_CONNECTION_REFUSED @ http://localhost:4042/health:0
[ 1350108ms] [ERROR] Failed to load resource: net::ERR_CONNECTION_REFUSED @ http://localhost:4042/attention:0
[ 1353107ms] [ERROR] Failed to load resource: net::ERR_CONNECTION_REFUSED @ http://localhost:4042/whatsapp/qr:0
[ 1356110ms] [ERROR] Failed to load resource: net::ERR_CONNECTION_REFUSED @ http://localhost:4042/whatsapp/qr:0
[ 1359110ms] [ERROR] Failed to load resource: net::ERR_CONNECTION_REFUSED @ http://localhost:4042/whatsapp/qr:0
[ 1362108ms] [ERROR] Failed to load resource: net::ERR_CONNECTION_REFUSED @ http://localhost:4042/whatsapp/qr:0
[ 1365108ms] [ERROR] Failed to load resource: net::ERR_CONNECTION_REFUSED @ http://localhost:4042/whatsapp/qr:0
[ 1365669ms] [ERROR] WebSocket connection to 'ws://localhost:4042/ws?token=ed02ebe3-5e6e-4e57-ba1d-a8a0338063ea' failed: Error in connection establishment: net::ERR_CONNECTION_REFUSED @ http://localhost:4042/dashboard?token=ed02ebe3-5e6e-4e57-ba1d-a8a0338063ea:2971
[ 1368102ms] [ERROR] Failed to load resource: net::ERR_CONNECTION_REFUSED @ http://localhost:4042/whatsapp/qr:0
[ 1371106ms] [ERROR] Failed to load resource: net::ERR_CONNECTION_REFUSED @ http://localhost:4042/whatsapp/qr:0
[ 1374066ms] [ERROR] Failed to load resource: net::ERR_CONNECTION_REFUSED @ http://localhost:4042/whatsapp/qr:0
[ 1377108ms] [ERROR] Failed to load resource: net::ERR_CONNECTION_REFUSED @ http://localhost:4042/whatsapp/qr:0
[ 1380108ms] [ERROR] Failed to load resource: net::ERR_CONNECTION_REFUSED @ http://localhost:4042/whatsapp/qr:0
[ 1380108ms] [ERROR] Failed to load resource: net::ERR_CONNECTION_REFUSED @ http://localhost:4042/health:0
[ 1380109ms] [ERROR] Failed to load resource: net::ERR_CONNECTION_REFUSED @ http://localhost:4042/attention:0
[ 1383108ms] [ERROR] Failed to load resource: net::ERR_CONNECTION_REFUSED @ http://localhost:4042/whatsapp/qr:0
[ 1386105ms] [ERROR] Failed to load resource: net::ERR_CONNECTION_REFUSED @ http://localhost:4042/whatsapp/qr:0
[ 1389041ms] [ERROR] Failed to load resource: net::ERR_CONNECTION_REFUSED @ http://localhost:4042/whatsapp/qr:0
[ 1392111ms] [ERROR] Failed to load resource: net::ERR_CONNECTION_REFUSED @ http://localhost:4042/whatsapp/qr:0
[ 1395105ms] [ERROR] Failed to load resource: net::ERR_CONNECTION_REFUSED @ http://localhost:4042/whatsapp/qr:0
[ 1395744ms] [ERROR] WebSocket connection to 'ws://localhost:4042/ws?token=ed02ebe3-5e6e-4e57-ba1d-a8a0338063ea' failed: Error in connection establishment: net::ERR_CONNECTION_REFUSED @ http://localhost:4042/dashboard?token=ed02ebe3-5e6e-4e57-ba1d-a8a0338063ea:2971
[ 1398106ms] [ERROR] Failed to load resource: net::ERR_CONNECTION_REFUSED @ http://localhost:4042/whatsapp/qr:0
[ 1401109ms] [ERROR] Failed to load resource: net::ERR_CONNECTION_REFUSED @ http://localhost:4042/whatsapp/qr:0
[ 1404106ms] [ERROR] Failed to load resource: net::ERR_CONNECTION_REFUSED @ http://localhost:4042/whatsapp/qr:0
[ 1407106ms] [ERROR] Failed to load resource: net::ERR_CONNECTION_REFUSED @ http://localhost:4042/whatsapp/qr:0
[ 1410108ms] [ERROR] Failed to load resource: net::ERR_CONNECTION_REFUSED @ http://localhost:4042/whatsapp/qr:0
[ 1410108ms] [ERROR] Failed to load resource: net::ERR_CONNECTION_REFUSED @ http://localhost:4042/health:0
[ 1410109ms] [ERROR] Failed to load resource: net::ERR_CONNECTION_REFUSED @ http://localhost:4042/attention:0
[ 1413096ms] [ERROR] Failed to load resource: net::ERR_CONNECTION_REFUSED @ http://localhost:4042/whatsapp/qr:0
[ 1416107ms] [ERROR] Failed to load resource: net::ERR_CONNECTION_REFUSED @ http://localhost:4042/whatsapp/qr:0
[ 1419102ms] [ERROR] Failed to load resource: net::ERR_CONNECTION_REFUSED @ http://localhost:4042/whatsapp/qr:0
[ 1422103ms] [ERROR] Failed to load resource: net::ERR_CONNECTION_REFUSED @ http://localhost:4042/whatsapp/qr:0
[ 1425107ms] [ERROR] Failed to load resource: net::ERR_CONNECTION_REFUSED @ http://localhost:4042/whatsapp/qr:0
[ 1425818ms] [ERROR] WebSocket connection to 'ws://localhost:4042/ws?token=ed02ebe3-5e6e-4e57-ba1d-a8a0338063ea' failed: Error in connection establishment: net::ERR_CONNECTION_REFUSED @ http://localhost:4042/dashboard?token=ed02ebe3-5e6e-4e57-ba1d-a8a0338063ea:2971
[ 1428108ms] [ERROR] Failed to load resource: net::ERR_CONNECTION_REFUSED @ http://localhost:4042/whatsapp/qr:0
[ 1431108ms] [ERROR] Failed to load resource: net::ERR_CONNECTION_REFUSED @ http://localhost:4042/whatsapp/qr:0
[ 1434103ms] [ERROR] Failed to load resource: net::ERR_CONNECTION_REFUSED @ http://localhost:4042/whatsapp/qr:0
[ 1437109ms] [ERROR] Failed to load resource: net::ERR_CONNECTION_REFUSED @ http://localhost:4042/whatsapp/qr:0
[ 1440108ms] [ERROR] Failed to load resource: net::ERR_CONNECTION_REFUSED @ http://localhost:4042/whatsapp/qr:0
[ 1440109ms] [ERROR] Failed to load resource: net::ERR_CONNECTION_REFUSED @ http://localhost:4042/health:0
[ 1440110ms] [ERROR] Failed to load resource: net::ERR_CONNECTION_REFUSED @ http://localhost:4042/attention:0
[ 1443037ms] [ERROR] Failed to load resource: net::ERR_CONNECTION_REFUSED @ http://localhost:4042/whatsapp/qr:0
[ 1446107ms] [ERROR] Failed to load resource: net::ERR_CONNECTION_REFUSED @ http://localhost:4042/whatsapp/qr:0
[ 1449105ms] [ERROR] Failed to load resource: net::ERR_CONNECTION_REFUSED @ http://localhost:4042/whatsapp/qr:0
[ 1452107ms] [ERROR] Failed to load resource: net::ERR_CONNECTION_REFUSED @ http://localhost:4042/whatsapp/qr:0
[ 1455101ms] [ERROR] Failed to load resource: net::ERR_CONNECTION_REFUSED @ http://localhost:4042/whatsapp/qr:0
[ 1458116ms] [ERROR] Failed to load resource: the server responded with a status of 503 (Service Unavailable) @ http://localhost:4042/whatsapp/qr:0
[ 1619655ms] [ERROR] Failed to load resource: the server responded with a status of 503 (Service Unavailable) @ http://localhost:4042/whatsapp/qr:0
[ 1634705ms] [ERROR] Failed to load resource: the server responded with a status of 503 (Service Unavailable) @ http://localhost:4042/whatsapp/qr:0
[ 1634722ms] [ERROR] Failed to load resource: the server responded with a status of 503 (Service Unavailable) @ http://localhost:4042/whatsapp/qr:0
[ 1634724ms] [ERROR] Failed to load resource: the server responded with a status of 503 (Service Unavailable) @ http://localhost:4042/whatsapp/qr:0
[ 1634740ms] [ERROR] Failed to load resource: the server responded with a status of 503 (Service Unavailable) @ http://localhost:4042/whatsapp/qr:0
[ 1634742ms] [ERROR] Failed to load resource: the server responded with a status of 503 (Service Unavailable) @ http://localhost:4042/whatsapp/qr:0
[ 1634742ms] [ERROR] Failed to load resource: the server responded with a status of 503 (Service Unavailable) @ http://localhost:4042/whatsapp/qr:0
[ 1634743ms] [ERROR] Failed to load resource: the server responded with a status of 503 (Service Unavailable) @ http://localhost:4042/whatsapp/qr:0
[ 1634743ms] [ERROR] Failed to load resource: the server responded with a status of 503 (Service Unavailable) @ http://localhost:4042/whatsapp/qr:0
[ 1634746ms] [ERROR] Failed to load resource: the server responded with a status of 503 (Service Unavailable) @ http://localhost:4042/whatsapp/qr:0
[ 1634746ms] [ERROR] Failed to load resource: the server responded with a status of 503 (Service Unavailable) @ http://localhost:4042/whatsapp/qr:0
[ 1634746ms] [ERROR] Failed to load resource: the server responded with a status of 503 (Service Unavailable) @ http://localhost:4042/whatsapp/qr:0
[ 1634746ms] [ERROR] Failed to load resource: the server responded with a status of 503 (Service Unavailable) @ http://localhost:4042/whatsapp/qr:0
[ 1634747ms] [ERROR] Failed to load resource: the server responded with a status of 503 (Service Unavailable) @ http://localhost:4042/whatsapp/qr:0
[ 1634747ms] [ERROR] Failed to load resource: the server responded with a status of 503 (Service Unavailable) @ http://localhost:4042/whatsapp/qr:0
[ 1634747ms] [ERROR] Failed to load resource: the server responded with a status of 503 (Service Unavailable) @ http://localhost:4042/whatsapp/qr:0
[ 1634747ms] [ERROR] Failed to load resource: the server responded with a status of 503 (Service Unavailable) @ http://localhost:4042/whatsapp/qr:0
[ 1634747ms] [ERROR] Failed to load resource: the server responded with a status of 503 (Service Unavailable) @ http://localhost:4042/whatsapp/qr:0
[ 1634747ms] [ERROR] Failed to load resource: the server responded with a status of 503 (Service Unavailable) @ http://localhost:4042/whatsapp/qr:0
[ 1634748ms] [ERROR] Failed to load resource: the server responded with a status of 503 (Service Unavailable) @ http://localhost:4042/whatsapp/qr:0
[ 1634748ms] [ERROR] Failed to load resource: the server responded with a status of 503 (Service Unavailable) @ http://localhost:4042/whatsapp/qr:0
[ 1634748ms] [ERROR] Failed to load resource: the server responded with a status of 503 (Service Unavailable) @ http://localhost:4042/whatsapp/qr:0
[ 1634748ms] [ERROR] Failed to load resource: the server responded with a status of 503 (Service Unavailable) @ http://localhost:4042/whatsapp/qr:0
[ 1634748ms] [ERROR] Failed to load resource: the server responded with a status of 503 (Service Unavailable) @ http://localhost:4042/whatsapp/qr:0
[ 1634749ms] [ERROR] Failed to load resource: the server responded with a status of 503 (Service Unavailable) @ http://localhost:4042/whatsapp/qr:0
[ 1634749ms] [ERROR] Failed to load resource: the server responded with a status of 503 (Service Unavailable) @ http://localhost:4042/whatsapp/qr:0
[ 1634749ms] [ERROR] Failed to load resource: the server responded with a status of 503 (Service Unavailable) @ http://localhost:4042/whatsapp/qr:0
[ 1634749ms] [ERROR] Failed to load resource: the server responded with a status of 503 (Service Unavailable) @ http://localhost:4042/whatsapp/qr:0
[ 1634750ms] [ERROR] Failed to load resource: the server responded with a status of 503 (Service Unavailable) @ http://localhost:4042/whatsapp/qr:0
[ 1634750ms] [ERROR] Failed to load resource: the server responded with a status of 503 (Service Unavailable) @ http://localhost:4042/whatsapp/qr:0
[ 1634750ms] [ERROR] Failed to load resource: the server responded with a status of 503 (Service Unavailable) @ http://localhost:4042/whatsapp/qr:0
[ 1634750ms] [ERROR] Failed to load resource: the server responded with a status of 503 (Service Unavailable) @ http://localhost:4042/whatsapp/qr:0
[ 1634750ms] [ERROR] Failed to load resource: the server responded with a status of 503 (Service Unavailable) @ http://localhost:4042/whatsapp/qr:0
[ 1634751ms] [ERROR] Failed to load resource: the server responded with a status of 503 (Service Unavailable) @ http://localhost:4042/whatsapp/qr:0
[ 1634841ms] [ERROR] Failed to load resource: the server responded with a status of 503 (Service Unavailable) @ http://localhost:4042/whatsapp/qr:0
[ 1634842ms] [ERROR] Failed to load resource: the server responded with a status of 503 (Service Unavailable) @ http://localhost:4042/whatsapp/qr:0
[ 1634842ms] [ERROR] Failed to load resource: the server responded with a status of 503 (Service Unavailable) @ http://localhost:4042/whatsapp/qr:0
[ 1634842ms] [ERROR] Failed to load resource: the server responded with a status of 503 (Service Unavailable) @ http://localhost:4042/whatsapp/qr:0
[ 1634842ms] [ERROR] Failed to load resource: the server responded with a status of 503 (Service Unavailable) @ http://localhost:4042/whatsapp/qr:0
[ 1634844ms] [ERROR] Failed to load resource: the server responded with a status of 503 (Service Unavailable) @ http://localhost:4042/whatsapp/qr:0
[ 1634844ms] [ERROR] Failed to load resource: the server responded with a status of 503 (Service Unavailable) @ http://localhost:4042/whatsapp/qr:0
[ 1634844ms] [ERROR] Failed to load resource: the server responded with a status of 503 (Service Unavailable) @ http://localhost:4042/whatsapp/qr:0
[ 1634844ms] [ERROR] Failed to load resource: the server responded with a status of 503 (Service Unavailable) @ http://localhost:4042/whatsapp/qr:0
[ 1634845ms] [ERROR] Failed to load resource: the server responded with a status of 503 (Service Unavailable) @ http://localhost:4042/whatsapp/qr:0
[ 1634846ms] [ERROR] Failed to load resource: the server responded with a status of 503 (Service Unavailable) @ http://localhost:4042/whatsapp/qr:0
[ 1634846ms] [ERROR] Failed to load resource: the server responded with a status of 503 (Service Unavailable) @ http://localhost:4042/whatsapp/qr:0
[ 1634846ms] [ERROR] Failed to load resource: the server responded with a status of 503 (Service Unavailable) @ http://localhost:4042/whatsapp/qr:0
[ 1634846ms] [ERROR] Failed to load resource: the server responded with a status of 503 (Service Unavailable) @ http://localhost:4042/whatsapp/qr:0
[ 1634846ms] [ERROR] Failed to load resource: the server responded with a status of 503 (Service Unavailable) @ http://localhost:4042/whatsapp/qr:0
[ 1634847ms] [ERROR] Failed to load resource: the server responded with a status of 503 (Service Unavailable) @ http://localhost:4042/whatsapp/qr:0
[ 1634848ms] [ERROR] Failed to load resource: the server responded with a status of 503 (Service Unavailable) @ http://localhost:4042/whatsapp/qr:0
[ 1634848ms] [ERROR] Failed to load resource: the server responded with a status of 503 (Service Unavailable) @ http://localhost:4042/whatsapp/qr:0
[ 1634848ms] [ERROR] Failed to load resource: the server responded with a status of 503 (Service Unavailable) @ http://localhost:4042/whatsapp/qr:0
[ 1634850ms] [ERROR] Failed to load resource: the server responded with a status of 503 (Service Unavailable) @ http://localhost:4042/whatsapp/qr:0
[ 1634856ms] [ERROR] Failed to load resource: the server responded with a status of 503 (Service Unavailable) @ http://localhost:4042/whatsapp/qr:0
[ 1634857ms] [ERROR] Failed to load resource: the server responded with a status of 503 (Service Unavailable) @ http://localhost:4042/whatsapp/qr:0
[ 1634950ms] [ERROR] Failed to load resource: the server responded with a status of 503 (Service Unavailable) @ http://localhost:4042/whatsapp/qr:0
[ 1634952ms] [ERROR] Failed to load resource: the server responded with a status of 503 (Service Unavailable) @ http://localhost:4042/whatsapp/qr:0
[ 1635060ms] [ERROR] Failed to load resource: the server responded with a status of 503 (Service Unavailable) @ http://localhost:4042/whatsapp/qr:0
[ 1638130ms] [ERROR] Failed to load resource: the server responded with a status of 503 (Service Unavailable) @ http://localhost:4042/whatsapp/qr:0
[ 1641123ms] [ERROR] Failed to load resource: the server responded with a status of 503 (Service Unavailable) @ http://localhost:4042/whatsapp/qr:0
[ 1644129ms] [ERROR] Failed to load resource: the server responded with a status of 503 (Service Unavailable) @ http://localhost:4042/whatsapp/qr:0
[ 1647124ms] [ERROR] Failed to load resource: the server responded with a status of 503 (Service Unavailable) @ http://localhost:4042/whatsapp/qr:0
[ 1650128ms] [ERROR] Failed to load resource: the server responded with a status of 503 (Service Unavailable) @ http://localhost:4042/whatsapp/qr:0
[ 1653127ms] [ERROR] Failed to load resource: the server responded with a status of 503 (Service Unavailable) @ http://localhost:4042/whatsapp/qr:0
[ 1656129ms] [ERROR] Failed to load resource: the server responded with a status of 503 (Service Unavailable) @ http://localhost:4042/whatsapp/qr:0
[ 1659124ms] [ERROR] Failed to load resource: the server responded with a status of 503 (Service Unavailable) @ http://localhost:4042/whatsapp/qr:0
[ 1662132ms] [ERROR] Failed to load resource: the server responded with a status of 503 (Service Unavailable) @ http://localhost:4042/whatsapp/qr:0
[ 1665129ms] [ERROR] Failed to load resource: the server responded with a status of 503 (Service Unavailable) @ http://localhost:4042/whatsapp/qr:0
[ 1668131ms] [ERROR] Failed to load resource: the server responded with a status of 503 (Service Unavailable) @ http://localhost:4042/whatsapp/qr:0
[ 1671121ms] [ERROR] Failed to load resource: the server responded with a status of 503 (Service Unavailable) @ http://localhost:4042/whatsapp/qr:0
[ 1674132ms] [ERROR] Failed to load resource: the server responded with a status of 503 (Service Unavailable) @ http://localhost:4042/whatsapp/qr:0
[ 1677129ms] [ERROR] Failed to load resource: the server responded with a status of 503 (Service Unavailable) @ http://localhost:4042/whatsapp/qr:0
[ 1680127ms] [ERROR] Failed to load resource: the server responded with a status of 503 (Service Unavailable) @ http://localhost:4042/whatsapp/qr:0
[ 1683130ms] [ERROR] Failed to load resource: the server responded with a status of 503 (Service Unavailable) @ http://localhost:4042/whatsapp/qr:0
[ 1686132ms] [ERROR] Failed to load resource: the server responded with a status of 503 (Service Unavailable) @ http://localhost:4042/whatsapp/qr:0
[ 1689128ms] [ERROR] Failed to load resource: the server responded with a status of 503 (Service Unavailable) @ http://localhost:4042/whatsapp/qr:0
[ 1692481ms] [ERROR] Failed to load resource: the server responded with a status of 503 (Service Unavailable) @ http://localhost:4042/whatsapp/qr:0
[ 1695127ms] [ERROR] Failed to load resource: the server responded with a status of 503 (Service Unavailable) @ http://localhost:4042/whatsapp/qr:0
[ 1698123ms] [ERROR] Failed to load resource: the server responded with a status of 503 (Service Unavailable) @ http://localhost:4042/whatsapp/qr:0
[ 1701133ms] [ERROR] Failed to load resource: the server responded with a status of 503 (Service Unavailable) @ http://localhost:4042/whatsapp/qr:0
[ 1704126ms] [ERROR] Failed to load resource: the server responded with a status of 503 (Service Unavailable) @ http://localhost:4042/whatsapp/qr:0
[ 1707125ms] [ERROR] Failed to load resource: the server responded with a status of 503 (Service Unavailable) @ http://localhost:4042/whatsapp/qr:0
[ 1710127ms] [ERROR] Failed to load resource: the server responded with a status of 503 (Service Unavailable) @ http://localhost:4042/whatsapp/qr:0
[ 1713163ms] [ERROR] Failed to load resource: the server responded with a status of 503 (Service Unavailable) @ http://localhost:4042/whatsapp/qr:0
[ 1716120ms] [ERROR] Failed to load resource: the server responded with a status of 503 (Service Unavailable) @ http://localhost:4042/whatsapp/qr:0
[ 1719132ms] [ERROR] Failed to load resource: the server responded with a status of 503 (Service Unavailable) @ http://localhost:4042/whatsapp/qr:0
[ 1722122ms] [ERROR] Failed to load resource: the server responded with a status of 503 (Service Unavailable) @ http://localhost:4042/whatsapp/qr:0
[ 1725124ms] [ERROR] Failed to load resource: the server responded with a status of 503 (Service Unavailable) @ http://localhost:4042/whatsapp/qr:0
[ 1728130ms] [ERROR] Failed to load resource: the server responded with a status of 503 (Service Unavailable) @ http://localhost:4042/whatsapp/qr:0
[ 1731130ms] [ERROR] Failed to load resource: the server responded with a status of 503 (Service Unavailable) @ http://localhost:4042/whatsapp/qr:0
[ 1734129ms] [ERROR] Failed to load resource: the server responded with a status of 503 (Service Unavailable) @ http://localhost:4042/whatsapp/qr:0
[ 1737131ms] [ERROR] Failed to load resource: the server responded with a status of 503 (Service Unavailable) @ http://localhost:4042/whatsapp/qr:0
[ 1740129ms] [ERROR] Failed to load resource: the server responded with a status of 503 (Service Unavailable) @ http://localhost:4042/whatsapp/qr:0
[ 1743058ms] [ERROR] Failed to load resource: the server responded with a status of 503 (Service Unavailable) @ http://localhost:4042/whatsapp/qr:0
[ 1746125ms] [ERROR] Failed to load resource: the server responded with a status of 503 (Service Unavailable) @ http://localhost:4042/whatsapp/qr:0
[ 1749119ms] [ERROR] Failed to load resource: the server responded with a status of 503 (Service Unavailable) @ http://localhost:4042/whatsapp/qr:0
[ 1752543ms] [ERROR] Failed to load resource: the server responded with a status of 503 (Service Unavailable) @ http://localhost:4042/whatsapp/qr:0
[ 1755085ms] [ERROR] Failed to load resource: the server responded with a status of 503 (Service Unavailable) @ http://localhost:4042/whatsapp/qr:0
[ 1758128ms] [ERROR] Failed to load resource: the server responded with a status of 503 (Service Unavailable) @ http://localhost:4042/whatsapp/qr:0
[ 1761131ms] [ERROR] Failed to load resource: the server responded with a status of 503 (Service Unavailable) @ http://localhost:4042/whatsapp/qr:0
[ 1764129ms] [ERROR] Failed to load resource: the server responded with a status of 503 (Service Unavailable) @ http://localhost:4042/whatsapp/qr:0
[ 1767129ms] [ERROR] Failed to load resource: the server responded with a status of 503 (Service Unavailable) @ http://localhost:4042/whatsapp/qr:0
[ 1770131ms] [ERROR] Failed to load resource: the server responded with a status of 503 (Service Unavailable) @ http://localhost:4042/whatsapp/qr:0
[ 1773117ms] [ERROR] Failed to load resource: the server responded with a status of 503 (Service Unavailable) @ http://localhost:4042/whatsapp/qr:0
[ 1776122ms] [ERROR] Failed to load resource: the server responded with a status of 503 (Service Unavailable) @ http://localhost:4042/whatsapp/qr:0
[ 1779130ms] [ERROR] Failed to load resource: the server responded with a status of 503 (Service Unavailable) @ http://localhost:4042/whatsapp/qr:0
[ 1782131ms] [ERROR] Failed to load resource: the server responded with a status of 503 (Service Unavailable) @ http://localhost:4042/whatsapp/qr:0
[ 1785128ms] [ERROR] Failed to load resource: the server responded with a status of 503 (Service Unavailable) @ http://localhost:4042/whatsapp/qr:0
[ 1788127ms] [ERROR] Failed to load resource: the server responded with a status of 503 (Service Unavailable) @ http://localhost:4042/whatsapp/qr:0
[ 1791123ms] [ERROR] Failed to load resource: the server responded with a status of 503 (Service Unavailable) @ http://localhost:4042/whatsapp/qr:0
[ 1794129ms] [ERROR] Failed to load resource: the server responded with a status of 503 (Service Unavailable) @ http://localhost:4042/whatsapp/qr:0
[ 1797130ms] [ERROR] Failed to load resource: the server responded with a status of 503 (Service Unavailable) @ http://localhost:4042/whatsapp/qr:0
[ 1800127ms] [ERROR] Failed to load resource: the server responded with a status of 503 (Service Unavailable) @ http://localhost:4042/whatsapp/qr:0
[ 1803131ms] [ERROR] Failed to load resource: the server responded with a status of 503 (Service Unavailable) @ http://localhost:4042/whatsapp/qr:0
[ 1806125ms] [ERROR] Failed to load resource: the server responded with a status of 503 (Service Unavailable) @ http://localhost:4042/whatsapp/qr:0
[ 1809129ms] [ERROR] Failed to load resource: the server responded with a status of 503 (Service Unavailable) @ http://localhost:4042/whatsapp/qr:0
[ 1812536ms] [ERROR] Failed to load resource: the server responded with a status of 503 (Service Unavailable) @ http://localhost:4042/whatsapp/qr:0
[ 1815124ms] [ERROR] Failed to load resource: the server responded with a status of 503 (Service Unavailable) @ http://localhost:4042/whatsapp/qr:0
[ 1818127ms] [ERROR] Failed to load resource: the server responded with a status of 503 (Service Unavailable) @ http://localhost:4042/whatsapp/qr:0
[ 1830596ms] [ERROR] Failed to load resource: the server responded with a status of 503 (Service Unavailable) @ http://localhost:4042/whatsapp/qr:0
[ 1830621ms] [ERROR] Failed to load resource: the server responded with a status of 503 (Service Unavailable) @ http://localhost:4042/whatsapp/qr:0
[ 1830628ms] [ERROR] Failed to load resource: the server responded with a status of 503 (Service Unavailable) @ http://localhost:4042/whatsapp/qr:0
[ 1830634ms] [ERROR] Failed to load resource: the server responded with a status of 503 (Service Unavailable) @ http://localhost:4042/whatsapp/qr:0
[ 1833203ms] [ERROR] Failed to load resource: the server responded with a status of 503 (Service Unavailable) @ http://localhost:4042/whatsapp/qr:0
[ 1836056ms] [ERROR] Failed to load resource: the server responded with a status of 503 (Service Unavailable) @ http://localhost:4042/whatsapp/qr:0
[ 1839206ms] [ERROR] Failed to load resource: the server responded with a status of 503 (Service Unavailable) @ http://localhost:4042/whatsapp/qr:0
[ 1842205ms] [ERROR] Failed to load resource: the server responded with a status of 503 (Service Unavailable) @ http://localhost:4042/whatsapp/qr:0
[ 1845198ms] [ERROR] Failed to load resource: the server responded with a status of 503 (Service Unavailable) @ http://localhost:4042/whatsapp/qr:0
[ 1848203ms] [ERROR] Failed to load resource: the server responded with a status of 503 (Service Unavailable) @ http://localhost:4042/whatsapp/qr:0
[ 1851203ms] [ERROR] Failed to load resource: the server responded with a status of 503 (Service Unavailable) @ http://localhost:4042/whatsapp/qr:0
[ 1854083ms] [ERROR] Failed to load resource: the server responded with a status of 503 (Service Unavailable) @ http://localhost:4042/whatsapp/qr:0
[ 1857090ms] [ERROR] Failed to load resource: the server responded with a status of 503 (Service Unavailable) @ http://localhost:4042/whatsapp/qr:0
[ 1860213ms] [ERROR] Failed to load resource: the server responded with a status of 503 (Service Unavailable) @ http://localhost:4042/whatsapp/qr:0
[ 1863206ms] [ERROR] Failed to load resource: the server responded with a status of 503 (Service Unavailable) @ http://localhost:4042/whatsapp/qr:0
[ 1866203ms] [ERROR] Failed to load resource: the server responded with a status of 503 (Service Unavailable) @ http://localhost:4042/whatsapp/qr:0
[ 1869203ms] [ERROR] Failed to load resource: the server responded with a status of 503 (Service Unavailable) @ http://localhost:4042/whatsapp/qr:0
[ 1872457ms] [ERROR] Failed to load resource: the server responded with a status of 503 (Service Unavailable) @ http://localhost:4042/whatsapp/qr:0
[ 1875206ms] [ERROR] Failed to load resource: the server responded with a status of 503 (Service Unavailable) @ http://localhost:4042/whatsapp/qr:0
[ 1878208ms] [ERROR] Failed to load resource: the server responded with a status of 503 (Service Unavailable) @ http://localhost:4042/whatsapp/qr:0
[ 1881202ms] [ERROR] Failed to load resource: the server responded with a status of 503 (Service Unavailable) @ http://localhost:4042/whatsapp/qr:0
[ 1884138ms] [ERROR] Failed to load resource: the server responded with a status of 503 (Service Unavailable) @ http://localhost:4042/whatsapp/qr:0
[ 1887201ms] [ERROR] Failed to load resource: the server responded with a status of 503 (Service Unavailable) @ http://localhost:4042/whatsapp/qr:0
[ 1890204ms] [ERROR] Failed to load resource: the server responded with a status of 503 (Service Unavailable) @ http://localhost:4042/whatsapp/qr:0
[ 1893201ms] [ERROR] Failed to load resource: the server responded with a status of 503 (Service Unavailable) @ http://localhost:4042/whatsapp/qr:0
[ 1896201ms] [ERROR] Failed to load resource: the server responded with a status of 503 (Service Unavailable) @ http://localhost:4042/whatsapp/qr:0
[ 1899188ms] [ERROR] Failed to load resource: the server responded with a status of 503 (Service Unavailable) @ http://localhost:4042/whatsapp/qr:0
[ 1902132ms] [ERROR] Failed to load resource: the server responded with a status of 503 (Service Unavailable) @ http://localhost:4042/whatsapp/qr:0
[ 1905208ms] [ERROR] Failed to load resource: the server responded with a status of 503 (Service Unavailable) @ http://localhost:4042/whatsapp/qr:0
[ 1908187ms] [ERROR] Failed to load resource: the server responded with a status of 503 (Service Unavailable) @ http://localhost:4042/whatsapp/qr:0
[ 1911077ms] [ERROR] Failed to load resource: the server responded with a status of 503 (Service Unavailable) @ http://localhost:4042/whatsapp/qr:0
[ 1914208ms] [ERROR] Failed to load resource: the server responded with a status of 503 (Service Unavailable) @ http://localhost:4042/whatsapp/qr:0
[ 1917203ms] [ERROR] Failed to load resource: the server responded with a status of 503 (Service Unavailable) @ http://localhost:4042/whatsapp/qr:0
[ 1920195ms] [ERROR] Failed to load resource: the server responded with a status of 503 (Service Unavailable) @ http://localhost:4042/whatsapp/qr:0
[ 1923142ms] [ERROR] Failed to load resource: the server responded with a status of 503 (Service Unavailable) @ http://localhost:4042/whatsapp/qr:0
[ 1926206ms] [ERROR] Failed to load resource: the server responded with a status of 503 (Service Unavailable) @ http://localhost:4042/whatsapp/qr:0
[ 1929199ms] [ERROR] Failed to load resource: the server responded with a status of 503 (Service Unavailable) @ http://localhost:4042/whatsapp/qr:0
[ 1932477ms] [ERROR] Failed to load resource: the server responded with a status of 503 (Service Unavailable) @ http://localhost:4042/whatsapp/qr:0
[ 1935162ms] [ERROR] Failed to load resource: the server responded with a status of 503 (Service Unavailable) @ http://localhost:4042/whatsapp/qr:0
[ 1938207ms] [ERROR] Failed to load resource: the server responded with a status of 503 (Service Unavailable) @ http://localhost:4042/whatsapp/qr:0
[ 1941206ms] [ERROR] Failed to load resource: the server responded with a status of 503 (Service Unavailable) @ http://localhost:4042/whatsapp/qr:0
[ 1944204ms] [ERROR] Failed to load resource: the server responded with a status of 503 (Service Unavailable) @ http://localhost:4042/whatsapp/qr:0
[ 1947204ms] [ERROR] Failed to load resource: the server responded with a status of 503 (Service Unavailable) @ http://localhost:4042/whatsapp/qr:0
[ 1950070ms] [ERROR] Failed to load resource: the server responded with a status of 503 (Service Unavailable) @ http://localhost:4042/whatsapp/qr:0
[ 1953202ms] [ERROR] Failed to load resource: the server responded with a status of 503 (Service Unavailable) @ http://localhost:4042/whatsapp/qr:0
[ 1956204ms] [ERROR] Failed to load resource: the server responded with a status of 503 (Service Unavailable) @ http://localhost:4042/whatsapp/qr:0
[ 1959207ms] [ERROR] Failed to load resource: the server responded with a status of 503 (Service Unavailable) @ http://localhost:4042/whatsapp/qr:0
[ 1962193ms] [ERROR] Failed to load resource: the server responded with a status of 503 (Service Unavailable) @ http://localhost:4042/whatsapp/qr:0
[ 1965204ms] [ERROR] Failed to load resource: the server responded with a status of 503 (Service Unavailable) @ http://localhost:4042/whatsapp/qr:0
[ 1968204ms] [ERROR] Failed to load resource: the server responded with a status of 503 (Service Unavailable) @ http://localhost:4042/whatsapp/qr:0
[ 1971204ms] [ERROR] Failed to load resource: the server responded with a status of 503 (Service Unavailable) @ http://localhost:4042/whatsapp/qr:0
[ 1974201ms] [ERROR] Failed to load resource: the server responded with a status of 503 (Service Unavailable) @ http://localhost:4042/whatsapp/qr:0
[ 1977161ms] [ERROR] Failed to load resource: the server responded with a status of 503 (Service Unavailable) @ http://localhost:4042/whatsapp/qr:0
[ 1980206ms] [ERROR] Failed to load resource: the server responded with a status of 503 (Service Unavailable) @ http://localhost:4042/whatsapp/qr:0
[ 1983133ms] [ERROR] Failed to load resource: the server responded with a status of 503 (Service Unavailable) @ http://localhost:4042/whatsapp/qr:0
[ 1986200ms] [ERROR] Failed to load resource: the server responded with a status of 503 (Service Unavailable) @ http://localhost:4042/whatsapp/qr:0
[ 1989139ms] [ERROR] Failed to load resource: the server responded with a status of 503 (Service Unavailable) @ http://localhost:4042/whatsapp/qr:0
[ 1992521ms] [ERROR] Failed to load resource: the server responded with a status of 503 (Service Unavailable) @ http://localhost:4042/whatsapp/qr:0
[ 1995210ms] [ERROR] Failed to load resource: the server responded with a status of 503 (Service Unavailable) @ http://localhost:4042/whatsapp/qr:0
[ 1998207ms] [ERROR] Failed to load resource: the server responded with a status of 503 (Service Unavailable) @ http://localhost:4042/whatsapp/qr:0
[ 2001205ms] [ERROR] Failed to load resource: the server responded with a status of 503 (Service Unavailable) @ http://localhost:4042/whatsapp/qr:0
[ 2004217ms] [ERROR] Failed to load resource: the server responded with a status of 503 (Service Unavailable) @ http://localhost:4042/whatsapp/qr:0
[ 2007201ms] [ERROR] Failed to load resource: the server responded with a status of 503 (Service Unavailable) @ http://localhost:4042/whatsapp/qr:0
[ 2010174ms] [ERROR] Failed to load resource: the server responded with a status of 503 (Service Unavailable) @ http://localhost:4042/whatsapp/qr:0
[ 2013153ms] [ERROR] Failed to load resource: the server responded with a status of 503 (Service Unavailable) @ http://localhost:4042/whatsapp/qr:0
[ 2016195ms] [ERROR] Failed to load resource: the server responded with a status of 503 (Service Unavailable) @ http://localhost:4042/whatsapp/qr:0
[ 2019206ms] [ERROR] Failed to load resource: the server responded with a status of 503 (Service Unavailable) @ http://localhost:4042/whatsapp/qr:0
[ 2022198ms] [ERROR] Failed to load resource: the server responded with a status of 503 (Service Unavailable) @ http://localhost:4042/whatsapp/qr:0
[ 2025199ms] [ERROR] Failed to load resource: the server responded with a status of 503 (Service Unavailable) @ http://localhost:4042/whatsapp/qr:0
[ 2028199ms] [ERROR] Failed to load resource: the server responded with a status of 503 (Service Unavailable) @ http://localhost:4042/whatsapp/qr:0
[ 2031130ms] [ERROR] Failed to load resource: the server responded with a status of 503 (Service Unavailable) @ http://localhost:4042/whatsapp/qr:0
[ 2034209ms] [ERROR] Failed to load resource: the server responded with a status of 503 (Service Unavailable) @ http://localhost:4042/whatsapp/qr:0
[ 2037206ms] [ERROR] Failed to load resource: the server responded with a status of 503 (Service Unavailable) @ http://localhost:4042/whatsapp/qr:0
[ 2040204ms] [ERROR] Failed to load resource: the server responded with a status of 503 (Service Unavailable) @ http://localhost:4042/whatsapp/qr:0
[ 2043208ms] [ERROR] Failed to load resource: the server responded with a status of 503 (Service Unavailable) @ http://localhost:4042/whatsapp/qr:0
[ 2046203ms] [ERROR] Failed to load resource: the server responded with a status of 503 (Service Unavailable) @ http://localhost:4042/whatsapp/qr:0
[ 2049206ms] [ERROR] Failed to load resource: the server responded with a status of 503 (Service Unavailable) @ http://localhost:4042/whatsapp/qr:0
[ 2052549ms] [ERROR] Failed to load resource: the server responded with a status of 503 (Service Unavailable) @ http://localhost:4042/whatsapp/qr:0
[ 2055183ms] [ERROR] Failed to load resource: the server responded with a status of 503 (Service Unavailable) @ http://localhost:4042/whatsapp/qr:0
[ 2058200ms] [ERROR] Failed to load resource: the server responded with a status of 503 (Service Unavailable) @ http://localhost:4042/whatsapp/qr:0
[ 2061200ms] [ERROR] Failed to load resource: the server responded with a status of 503 (Service Unavailable) @ http://localhost:4042/whatsapp/qr:0
[ 2064222ms] [ERROR] Failed to load resource: the server responded with a status of 503 (Service Unavailable) @ http://localhost:4042/whatsapp/qr:0
[ 2067057ms] [ERROR] Failed to load resource: the server responded with a status of 503 (Service Unavailable) @ http://localhost:4042/whatsapp/qr:0
[ 2070176ms] [ERROR] Failed to load resource: the server responded with a status of 503 (Service Unavailable) @ http://localhost:4042/whatsapp/qr:0
[ 2073201ms] [ERROR] Failed to load resource: the server responded with a status of 503 (Service Unavailable) @ http://localhost:4042/whatsapp/qr:0
[ 2076201ms] [ERROR] Failed to load resource: the server responded with a status of 503 (Service Unavailable) @ http://localhost:4042/whatsapp/qr:0
[ 2079200ms] [ERROR] Failed to load resource: the server responded with a status of 503 (Service Unavailable) @ http://localhost:4042/whatsapp/qr:0
[ 2082146ms] [ERROR] Failed to load resource: the server responded with a status of 503 (Service Unavailable) @ http://localhost:4042/whatsapp/qr:0
[ 2085076ms] [ERROR] Failed to load resource: the server responded with a status of 503 (Service Unavailable) @ http://localhost:4042/whatsapp/qr:0
[ 2088201ms] [ERROR] Failed to load resource: the server responded with a status of 503 (Service Unavailable) @ http://localhost:4042/whatsapp/qr:0
[ 2091187ms] [ERROR] Failed to load resource: the server responded with a status of 503 (Service Unavailable) @ http://localhost:4042/whatsapp/qr:0
[ 2094069ms] [ERROR] Failed to load resource: the server responded with a status of 503 (Service Unavailable) @ http://localhost:4042/whatsapp/qr:0
[ 2097121ms] [ERROR] Failed to load resource: the server responded with a status of 503 (Service Unavailable) @ http://localhost:4042/whatsapp/qr:0
[ 2100074ms] [ERROR] Failed to load resource: the server responded with a status of 503 (Service Unavailable) @ http://localhost:4042/whatsapp/qr:0
[ 2103209ms] [ERROR] Failed to load resource: the server responded with a status of 503 (Service Unavailable) @ http://localhost:4042/whatsapp/qr:0
[ 2106203ms] [ERROR] Failed to load resource: the server responded with a status of 503 (Service Unavailable) @ http://localhost:4042/whatsapp/qr:0
[ 2109208ms] [ERROR] Failed to load resource: the server responded with a status of 503 (Service Unavailable) @ http://localhost:4042/whatsapp/qr:0
[ 2112591ms] [ERROR] Failed to load resource: the server responded with a status of 503 (Service Unavailable) @ http://localhost:4042/whatsapp/qr:0
[ 2115124ms] [ERROR] Failed to load resource: the server responded with a status of 503 (Service Unavailable) @ http://localhost:4042/whatsapp/qr:0
[ 2118206ms] [ERROR] Failed to load resource: the server responded with a status of 503 (Service Unavailable) @ http://localhost:4042/whatsapp/qr:0
[ 2140612ms] [ERROR] Failed to load resource: the server responded with a status of 503 (Service Unavailable) @ http://localhost:4042/whatsapp/qr:0
[ 2140625ms] [ERROR] Failed to load resource: the server responded with a status of 503 (Service Unavailable) @ http://localhost:4042/whatsapp/qr:0
[ 2140626ms] [ERROR] Failed to load resource: the server responded with a status of 503 (Service Unavailable) @ http://localhost:4042/whatsapp/qr:0
[ 2140626ms] [ERROR] Failed to load resource: the server responded with a status of 503 (Service Unavailable) @ http://localhost:4042/whatsapp/qr:0
[ 2140627ms] [ERROR] Failed to load resource: the server responded with a status of 503 (Service Unavailable) @ http://localhost:4042/whatsapp/qr:0
[ 2140630ms] [ERROR] Failed to load resource: the server responded with a status of 503 (Service Unavailable) @ http://localhost:4042/whatsapp/qr:0
[ 2140630ms] [ERROR] Failed to load resource: the server responded with a status of 503 (Service Unavailable) @ http://localhost:4042/whatsapp/qr:0
[ 2142197ms] [ERROR] Failed to load resource: the server responded with a status of 503 (Service Unavailable) @ http://localhost:4042/whatsapp/qr:0
[ 2145203ms] [ERROR] Failed to load resource: net::ERR_CONNECTION_REFUSED @ http://localhost:4042/whatsapp/qr:0
[ 2148200ms] [ERROR] Failed to load resource: net::ERR_CONNECTION_REFUSED @ http://localhost:4042/whatsapp/qr:0
[ 2151201ms] [ERROR] Failed to load resource: the server responded with a status of 503 (Service Unavailable) @ http://localhost:4042/whatsapp/qr:0
[ 2313274ms] [ERROR] Failed to load resource: the server responded with a status of 503 (Service Unavailable) @ http://localhost:4042/whatsapp/qr:0
[ 2317366ms] [ERROR] Failed to load resource: the server responded with a status of 503 (Service Unavailable) @ http://localhost:4042/whatsapp/qr:0
[ 2317371ms] [ERROR] Failed to load resource: the server responded with a status of 503 (Service Unavailable) @ http://localhost:4042/whatsapp/qr:0
[ 2317373ms] [ERROR] Failed to load resource: the server responded with a status of 503 (Service Unavailable) @ http://localhost:4042/whatsapp/qr:0
[ 2317373ms] [ERROR] Failed to load resource: the server responded with a status of 503 (Service Unavailable) @ http://localhost:4042/whatsapp/qr:0
[ 2317374ms] [ERROR] Failed to load resource: the server responded with a status of 503 (Service Unavailable) @ http://localhost:4042/whatsapp/qr:0
[ 2317463ms] [ERROR] Failed to load resource: the server responded with a status of 503 (Service Unavailable) @ http://localhost:4042/whatsapp/qr:0
[ 2317464ms] [ERROR] Failed to load resource: the server responded with a status of 503 (Service Unavailable) @ http://localhost:4042/whatsapp/qr:0
[ 2317464ms] [ERROR] Failed to load resource: the server responded with a status of 503 (Service Unavailable) @ http://localhost:4042/whatsapp/qr:0
[ 2317466ms] [ERROR] Failed to load resource: the server responded with a status of 503 (Service Unavailable) @ http://localhost:4042/whatsapp/qr:0
[ 2317466ms] [ERROR] Failed to load resource: the server responded with a status of 503 (Service Unavailable) @ http://localhost:4042/whatsapp/qr:0
[ 2317466ms] [ERROR] Failed to load resource: the server responded with a status of 503 (Service Unavailable) @ http://localhost:4042/whatsapp/qr:0
[ 2317466ms] [ERROR] Failed to load resource: the server responded with a status of 503 (Service Unavailable) @ http://localhost:4042/whatsapp/qr:0
[ 2317466ms] [ERROR] Failed to load resource: the server responded with a status of 503 (Service Unavailable) @ http://localhost:4042/whatsapp/qr:0
[ 2317467ms] [ERROR] Failed to load resource: the server responded with a status of 503 (Service Unavailable) @ http://localhost:4042/whatsapp/qr:0
[ 2317467ms] [ERROR] Failed to load resource: the server responded with a status of 503 (Service Unavailable) @ http://localhost:4042/whatsapp/qr:0
[ 2317467ms] [ERROR] Failed to load resource: the server responded with a status of 503 (Service Unavailable) @ http://localhost:4042/whatsapp/qr:0
[ 2317467ms] [ERROR] Failed to load resource: the server responded with a status of 503 (Service Unavailable) @ http://localhost:4042/whatsapp/qr:0
[ 2317467ms] [ERROR] Failed to load resource: the server responded with a status of 503 (Service Unavailable) @ http://localhost:4042/whatsapp/qr:0
[ 2317469ms] [ERROR] Failed to load resource: the server responded with a status of 503 (Service Unavailable) @ http://localhost:4042/whatsapp/qr:0
[ 2317470ms] [ERROR] Failed to load resource: the server responded with a status of 503 (Service Unavailable) @ http://localhost:4042/whatsapp/qr:0
[ 2317470ms] [ERROR] Failed to load resource: the server responded with a status of 503 (Service Unavailable) @ http://localhost:4042/whatsapp/qr:0
[ 2317470ms] [ERROR] Failed to load resource: the server responded with a status of 503 (Service Unavailable) @ http://localhost:4042/whatsapp/qr:0
[ 2317470ms] [ERROR] Failed to load resource: the server responded with a status of 503 (Service Unavailable) @ http://localhost:4042/whatsapp/qr:0
[ 2317470ms] [ERROR] Failed to load resource: the server responded with a status of 503 (Service Unavailable) @ http://localhost:4042/whatsapp/qr:0
[ 2317471ms] [ERROR] Failed to load resource: the server responded with a status of 503 (Service Unavailable) @ http://localhost:4042/whatsapp/qr:0
[ 2317471ms] [ERROR] Failed to load resource: the server responded with a status of 503 (Service Unavailable) @ http://localhost:4042/whatsapp/qr:0
[ 2317471ms] [ERROR] Failed to load resource: the server responded with a status of 503 (Service Unavailable) @ http://localhost:4042/whatsapp/qr:0
[ 2317471ms] [ERROR] Failed to load resource: the server responded with a status of 503 (Service Unavailable) @ http://localhost:4042/whatsapp/qr:0
[ 2317472ms] [ERROR] Failed to load resource: the server responded with a status of 503 (Service Unavailable) @ http://localhost:4042/whatsapp/qr:0
[ 2317472ms] [ERROR] Failed to load resource: the server responded with a status of 503 (Service Unavailable) @ http://localhost:4042/whatsapp/qr:0
[ 2317472ms] [ERROR] Failed to load resource: the server responded with a status of 503 (Service Unavailable) @ http://localhost:4042/whatsapp/qr:0
[ 2317472ms] [ERROR] Failed to load resource: the server responded with a status of 503 (Service Unavailable) @ http://localhost:4042/whatsapp/qr:0
[ 2317472ms] [ERROR] Failed to load resource: the server responded with a status of 503 (Service Unavailable) @ http://localhost:4042/whatsapp/qr:0
[ 2317473ms] [ERROR] Failed to load resource: the server responded with a status of 503 (Service Unavailable) @ http://localhost:4042/whatsapp/qr:0
[ 2317473ms] [ERROR] Failed to load resource: the server responded with a status of 503 (Service Unavailable) @ http://localhost:4042/whatsapp/qr:0
[ 2317473ms] [ERROR] Failed to load resource: the server responded with a status of 503 (Service Unavailable) @ http://localhost:4042/whatsapp/qr:0
[ 2317473ms] [ERROR] Failed to load resource: the server responded with a status of 503 (Service Unavailable) @ http://localhost:4042/whatsapp/qr:0
[ 2317473ms] [ERROR] Failed to load resource: the server responded with a status of 503 (Service Unavailable) @ http://localhost:4042/whatsapp/qr:0
[ 2317473ms] [ERROR] Failed to load resource: the server responded with a status of 503 (Service Unavailable) @ http://localhost:4042/whatsapp/qr:0
[ 2317474ms] [ERROR] Failed to load resource: the server responded with a status of 503 (Service Unavailable) @ http://localhost:4042/whatsapp/qr:0
[ 2317474ms] [ERROR] Failed to load resource: the server responded with a status of 503 (Service Unavailable) @ http://localhost:4042/whatsapp/qr:0
[ 2317474ms] [ERROR] Failed to load resource: the server responded with a status of 503 (Service Unavailable) @ http://localhost:4042/whatsapp/qr:0
[ 2317564ms] [ERROR] Failed to load resource: the server responded with a status of 503 (Service Unavailable) @ http://localhost:4042/whatsapp/qr:0
[ 2317564ms] [ERROR] Failed to load resource: the server responded with a status of 503 (Service Unavailable) @ http://localhost:4042/whatsapp/qr:0
[ 2317564ms] [ERROR] Failed to load resource: the server responded with a status of 503 (Service Unavailable) @ http://localhost:4042/whatsapp/qr:0
[ 2317564ms] [ERROR] Failed to load resource: the server responded with a status of 503 (Service Unavailable) @ http://localhost:4042/whatsapp/qr:0
[ 2317565ms] [ERROR] Failed to load resource: the server responded with a status of 503 (Service Unavailable) @ http://localhost:4042/whatsapp/qr:0
[ 2317568ms] [ERROR] Failed to load resource: the server responded with a status of 503 (Service Unavailable) @ http://localhost:4042/whatsapp/qr:0
[ 2317570ms] [ERROR] Failed to load resource: the server responded with a status of 503 (Service Unavailable) @ http://localhost:4042/whatsapp/qr:0
[ 2317571ms] [ERROR] Failed to load resource: the server responded with a status of 503 (Service Unavailable) @ http://localhost:4042/whatsapp/qr:0
[ 2317572ms] [ERROR] Failed to load resource: the server responded with a status of 503 (Service Unavailable) @ http://localhost:4042/whatsapp/qr:0
[ 2317573ms] [ERROR] Failed to load resource: the server responded with a status of 503 (Service Unavailable) @ http://localhost:4042/whatsapp/qr:0
[ 2317573ms] [ERROR] Failed to load resource: the server responded with a status of 503 (Service Unavailable) @ http://localhost:4042/whatsapp/qr:0
[ 2317574ms] [ERROR] Failed to load resource: the server responded with a status of 503 (Service Unavailable) @ http://localhost:4042/whatsapp/qr:0
[ 2319206ms] [ERROR] Failed to load resource: the server responded with a status of 503 (Service Unavailable) @ http://localhost:4042/whatsapp/qr:0
[ 2322207ms] [ERROR] Failed to load resource: the server responded with a status of 503 (Service Unavailable) @ http://localhost:4042/whatsapp/qr:0
[ 2325209ms] [ERROR] Failed to load resource: the server responded with a status of 503 (Service Unavailable) @ http://localhost:4042/whatsapp/qr:0
[ 2328156ms] [ERROR] Failed to load resource: the server responded with a status of 503 (Service Unavailable) @ http://localhost:4042/whatsapp/qr:0
[ 2331183ms] [ERROR] Failed to load resource: the server responded with a status of 503 (Service Unavailable) @ http://localhost:4042/whatsapp/qr:0
[ 2334194ms] [ERROR] Failed to load resource: the server responded with a status of 503 (Service Unavailable) @ http://localhost:4042/whatsapp/qr:0
[ 2337206ms] [ERROR] Failed to load resource: the server responded with a status of 503 (Service Unavailable) @ http://localhost:4042/whatsapp/qr:0
[ 2340068ms] [ERROR] Failed to load resource: the server responded with a status of 503 (Service Unavailable) @ http://localhost:4042/whatsapp/qr:0
[ 2343203ms] [ERROR] Failed to load resource: the server responded with a status of 503 (Service Unavailable) @ http://localhost:4042/whatsapp/qr:0
[ 2346209ms] [ERROR] Failed to load resource: the server responded with a status of 503 (Service Unavailable) @ http://localhost:4042/whatsapp/qr:0
[ 2349207ms] [ERROR] Failed to load resource: the server responded with a status of 503 (Service Unavailable) @ http://localhost:4042/whatsapp/qr:0
[ 2352202ms] [ERROR] Failed to load resource: the server responded with a status of 503 (Service Unavailable) @ http://localhost:4042/whatsapp/qr:0
[ 2355198ms] [ERROR] Failed to load resource: the server responded with a status of 503 (Service Unavailable) @ http://localhost:4042/whatsapp/qr:0
[ 2358191ms] [ERROR] Failed to load resource: the server responded with a status of 503 (Service Unavailable) @ http://localhost:4042/whatsapp/qr:0
[ 2361205ms] [ERROR] Failed to load resource: the server responded with a status of 503 (Service Unavailable) @ http://localhost:4042/whatsapp/qr:0
[ 2364203ms] [ERROR] Failed to load resource: the server responded with a status of 503 (Service Unavailable) @ http://localhost:4042/whatsapp/qr:0
[ 2367196ms] [ERROR] Failed to load resource: the server responded with a status of 503 (Service Unavailable) @ http://localhost:4042/whatsapp/qr:0
[ 2370208ms] [ERROR] Failed to load resource: the server responded with a status of 503 (Service Unavailable) @ http://localhost:4042/whatsapp/qr:0
[ 2373104ms] [ERROR] Failed to load resource: the server responded with a status of 503 (Service Unavailable) @ http://localhost:4042/whatsapp/qr:0
[ 2376204ms] [ERROR] Failed to load resource: the server responded with a status of 503 (Service Unavailable) @ http://localhost:4042/whatsapp/qr:0
[ 2379137ms] [ERROR] Failed to load resource: the server responded with a status of 503 (Service Unavailable) @ http://localhost:4042/whatsapp/qr:0
[ 2382206ms] [ERROR] Failed to load resource: the server responded with a status of 503 (Service Unavailable) @ http://localhost:4042/whatsapp/qr:0
[ 2385200ms] [ERROR] Failed to load resource: the server responded with a status of 503 (Service Unavailable) @ http://localhost:4042/whatsapp/qr:0
[ 2388192ms] [ERROR] Failed to load resource: the server responded with a status of 503 (Service Unavailable) @ http://localhost:4042/whatsapp/qr:0
[ 2391204ms] [ERROR] Failed to load resource: the server responded with a status of 503 (Service Unavailable) @ http://localhost:4042/whatsapp/qr:0
[ 2394208ms] [ERROR] Failed to load resource: the server responded with a status of 503 (Service Unavailable) @ http://localhost:4042/whatsapp/qr:0
[ 2397196ms] [ERROR] Failed to load resource: the server responded with a status of 503 (Service Unavailable) @ http://localhost:4042/whatsapp/qr:0
[ 2400163ms] [ERROR] Failed to load resource: the server responded with a status of 503 (Service Unavailable) @ http://localhost:4042/whatsapp/qr:0
[ 2403109ms] [ERROR] Failed to load resource: the server responded with a status of 503 (Service Unavailable) @ http://localhost:4042/whatsapp/qr:0
[ 2406204ms] [ERROR] Failed to load resource: the server responded with a status of 503 (Service Unavailable) @ http://localhost:4042/whatsapp/qr:0
[ 2409211ms] [ERROR] Failed to load resource: the server responded with a status of 503 (Service Unavailable) @ http://localhost:4042/whatsapp/qr:0
[ 2412202ms] [ERROR] Failed to load resource: the server responded with a status of 503 (Service Unavailable) @ http://localhost:4042/whatsapp/qr:0
[ 2415135ms] [ERROR] Failed to load resource: the server responded with a status of 503 (Service Unavailable) @ http://localhost:4042/whatsapp/qr:0
[ 2418203ms] [ERROR] Failed to load resource: the server responded with a status of 503 (Service Unavailable) @ http://localhost:4042/whatsapp/qr:0
[ 2430609ms] [ERROR] Failed to load resource: the server responded with a status of 503 (Service Unavailable) @ http://localhost:4042/whatsapp/qr:0
[ 2430623ms] [ERROR] Failed to load resource: the server responded with a status of 503 (Service Unavailable) @ http://localhost:4042/whatsapp/qr:0
[ 2430624ms] [ERROR] Failed to load resource: the server responded with a status of 503 (Service Unavailable) @ http://localhost:4042/whatsapp/qr:0
[ 2430626ms] [ERROR] Failed to load resource: the server responded with a status of 503 (Service Unavailable) @ http://localhost:4042/whatsapp/qr:0
[ 2433207ms] [ERROR] Failed to load resource: the server responded with a status of 503 (Service Unavailable) @ http://localhost:4042/whatsapp/qr:0
[ 2436194ms] [ERROR] Failed to load resource: the server responded with a status of 503 (Service Unavailable) @ http://localhost:4042/whatsapp/qr:0
[ 2439158ms] [ERROR] Failed to load resource: the server responded with a status of 503 (Service Unavailable) @ http://localhost:4042/whatsapp/qr:0
[ 2442134ms] [ERROR] Failed to load resource: the server responded with a status of 503 (Service Unavailable) @ http://localhost:4042/whatsapp/qr:0
[ 2445205ms] [ERROR] Failed to load resource: the server responded with a status of 503 (Service Unavailable) @ http://localhost:4042/whatsapp/qr:0
[ 2448202ms] [ERROR] Failed to load resource: the server responded with a status of 503 (Service Unavailable) @ http://localhost:4042/whatsapp/qr:0
[ 2451150ms] [ERROR] Failed to load resource: the server responded with a status of 503 (Service Unavailable) @ http://localhost:4042/whatsapp/qr:0
[ 2454166ms] [ERROR] Failed to load resource: the server responded with a status of 503 (Service Unavailable) @ http://localhost:4042/whatsapp/qr:0
[ 2457084ms] [ERROR] Failed to load resource: the server responded with a status of 503 (Service Unavailable) @ http://localhost:4042/whatsapp/qr:0
[ 2460211ms] [ERROR] Failed to load resource: the server responded with a status of 503 (Service Unavailable) @ http://localhost:4042/whatsapp/qr:0
[ 2463197ms] [ERROR] Failed to load resource: the server responded with a status of 503 (Service Unavailable) @ http://localhost:4042/whatsapp/qr:0
[ 2466208ms] [ERROR] Failed to load resource: the server responded with a status of 503 (Service Unavailable) @ http://localhost:4042/whatsapp/qr:0
[ 2469070ms] [ERROR] Failed to load resource: the server responded with a status of 503 (Service Unavailable) @ http://localhost:4042/whatsapp/qr:0
[ 2472197ms] [ERROR] Failed to load resource: the server responded with a status of 503 (Service Unavailable) @ http://localhost:4042/whatsapp/qr:0
[ 2475196ms] [ERROR] Failed to load resource: the server responded with a status of 503 (Service Unavailable) @ http://localhost:4042/whatsapp/qr:0
[ 2478206ms] [ERROR] Failed to load resource: the server responded with a status of 503 (Service Unavailable) @ http://localhost:4042/whatsapp/qr:0
[ 2481208ms] [ERROR] Failed to load resource: the server responded with a status of 503 (Service Unavailable) @ http://localhost:4042/whatsapp/qr:0
[ 2484192ms] [ERROR] Failed to load resource: the server responded with a status of 503 (Service Unavailable) @ http://localhost:4042/whatsapp/qr:0
[ 2487173ms] [ERROR] Failed to load resource: the server responded with a status of 503 (Service Unavailable) @ http://localhost:4042/whatsapp/qr:0
[ 2490212ms] [ERROR] Failed to load resource: the server responded with a status of 503 (Service Unavailable) @ http://localhost:4042/whatsapp/qr:0
[ 2493157ms] [ERROR] Failed to load resource: the server responded with a status of 503 (Service Unavailable) @ http://localhost:4042/whatsapp/qr:0
[ 2496210ms] [ERROR] Failed to load resource: the server responded with a status of 503 (Service Unavailable) @ http://localhost:4042/whatsapp/qr:0
[ 2499207ms] [ERROR] Failed to load resource: the server responded with a status of 503 (Service Unavailable) @ http://localhost:4042/whatsapp/qr:0
[ 2502154ms] [ERROR] Failed to load resource: the server responded with a status of 503 (Service Unavailable) @ http://localhost:4042/whatsapp/qr:0
[ 2505208ms] [ERROR] Failed to load resource: the server responded with a status of 503 (Service Unavailable) @ http://localhost:4042/whatsapp/qr:0
[ 2508210ms] [ERROR] Failed to load resource: the server responded with a status of 503 (Service Unavailable) @ http://localhost:4042/whatsapp/qr:0
[ 2511181ms] [ERROR] Failed to load resource: the server responded with a status of 503 (Service Unavailable) @ http://localhost:4042/whatsapp/qr:0
[ 2514158ms] [ERROR] Failed to load resource: the server responded with a status of 503 (Service Unavailable) @ http://localhost:4042/whatsapp/qr:0
[ 2517208ms] [ERROR] Failed to load resource: the server responded with a status of 503 (Service Unavailable) @ http://localhost:4042/whatsapp/qr:0
[ 2520212ms] [ERROR] Failed to load resource: the server responded with a status of 503 (Service Unavailable) @ http://localhost:4042/whatsapp/qr:0
[ 2523210ms] [ERROR] Failed to load resource: the server responded with a status of 503 (Service Unavailable) @ http://localhost:4042/whatsapp/qr:0
[ 2526206ms] [ERROR] Failed to load resource: the server responded with a status of 503 (Service Unavailable) @ http://localhost:4042/whatsapp/qr:0
[ 2529209ms] [ERROR] Failed to load resource: the server responded with a status of 503 (Service Unavailable) @ http://localhost:4042/whatsapp/qr:0
[ 2532200ms] [ERROR] Failed to load resource: the server responded with a status of 503 (Service Unavailable) @ http://localhost:4042/whatsapp/qr:0
[ 2535141ms] [ERROR] Failed to load resource: the server responded with a status of 503 (Service Unavailable) @ http://localhost:4042/whatsapp/qr:0
[ 2538207ms] [ERROR] Failed to load resource: the server responded with a status of 503 (Service Unavailable) @ http://localhost:4042/whatsapp/qr:0
[ 2541205ms] [ERROR] Failed to load resource: the server responded with a status of 503 (Service Unavailable) @ http://localhost:4042/whatsapp/qr:0
[ 2544204ms] [ERROR] Failed to load resource: the server responded with a status of 503 (Service Unavailable) @ http://localhost:4042/whatsapp/qr:0
[ 2547060ms] [ERROR] Failed to load resource: the server responded with a status of 503 (Service Unavailable) @ http://localhost:4042/whatsapp/qr:0
[ 2550203ms] [ERROR] Failed to load resource: the server responded with a status of 503 (Service Unavailable) @ http://localhost:4042/whatsapp/qr:0
[ 2553205ms] [ERROR] Failed to load resource: the server responded with a status of 503 (Service Unavailable) @ http://localhost:4042/whatsapp/qr:0
[ 2556207ms] [ERROR] Failed to load resource: the server responded with a status of 503 (Service Unavailable) @ http://localhost:4042/whatsapp/qr:0
[ 2559210ms] [ERROR] Failed to load resource: the server responded with a status of 503 (Service Unavailable) @ http://localhost:4042/whatsapp/qr:0
[ 2562206ms] [ERROR] Failed to load resource: the server responded with a status of 503 (Service Unavailable) @ http://localhost:4042/whatsapp/qr:0
[ 2565200ms] [ERROR] Failed to load resource: the server responded with a status of 503 (Service Unavailable) @ http://localhost:4042/whatsapp/qr:0
[ 2568154ms] [ERROR] Failed to load resource: the server responded with a status of 503 (Service Unavailable) @ http://localhost:4042/whatsapp/qr:0
[ 2571175ms] [ERROR] Failed to load resource: the server responded with a status of 503 (Service Unavailable) @ http://localhost:4042/whatsapp/qr:0
[ 2574205ms] [ERROR] Failed to load resource: the server responded with a status of 503 (Service Unavailable) @ http://localhost:4042/whatsapp/qr:0
[ 2577206ms] [ERROR] Failed to load resource: the server responded with a status of 503 (Service Unavailable) @ http://localhost:4042/whatsapp/qr:0
[ 2580209ms] [ERROR] Failed to load resource: the server responded with a status of 503 (Service Unavailable) @ http://localhost:4042/whatsapp/qr:0
[ 2583196ms] [ERROR] Failed to load resource: the server responded with a status of 503 (Service Unavailable) @ http://localhost:4042/whatsapp/qr:0
[ 2586199ms] [ERROR] Failed to load resource: the server responded with a status of 503 (Service Unavailable) @ http://localhost:4042/whatsapp/qr:0
[ 2589182ms] [ERROR] Failed to load resource: the server responded with a status of 503 (Service Unavailable) @ http://localhost:4042/whatsapp/qr:0
[ 2592086ms] [ERROR] Failed to load resource: the server responded with a status of 503 (Service Unavailable) @ http://localhost:4042/whatsapp/qr:0
[ 2595207ms] [ERROR] Failed to load resource: the server responded with a status of 503 (Service Unavailable) @ http://localhost:4042/whatsapp/qr:0
[ 2598161ms] [ERROR] Failed to load resource: the server responded with a status of 503 (Service Unavailable) @ http://localhost:4042/whatsapp/qr:0
[ 2601201ms] [ERROR] Failed to load resource: the server responded with a status of 503 (Service Unavailable) @ http://localhost:4042/whatsapp/qr:0
[ 2604092ms] [ERROR] Failed to load resource: the server responded with a status of 503 (Service Unavailable) @ http://localhost:4042/whatsapp/qr:0
[ 2607077ms] [ERROR] Failed to load resource: the server responded with a status of 503 (Service Unavailable) @ http://localhost:4042/whatsapp/qr:0
[ 2610206ms] [ERROR] Failed to load resource: the server responded with a status of 503 (Service Unavailable) @ http://localhost:4042/whatsapp/qr:0
[ 2613202ms] [ERROR] Failed to load resource: the server responded with a status of 503 (Service Unavailable) @ http://localhost:4042/whatsapp/qr:0
[ 2616206ms] [ERROR] Failed to load resource: the server responded with a status of 503 (Service Unavailable) @ http://localhost:4042/whatsapp/qr:0
[ 2619207ms] [ERROR] Failed to load resource: the server responded with a status of 503 (Service Unavailable) @ http://localhost:4042/whatsapp/qr:0
[ 2622203ms] [ERROR] Failed to load resource: the server responded with a status of 503 (Service Unavailable) @ http://localhost:4042/whatsapp/qr:0
[ 2625207ms] [ERROR] Failed to load resource: the server responded with a status of 503 (Service Unavailable) @ http://localhost:4042/whatsapp/qr:0
[ 2628206ms] [ERROR] Failed to load resource: the server responded with a status of 503 (Service Unavailable) @ http://localhost:4042/whatsapp/qr:0
[ 2631119ms] [ERROR] Failed to load resource: the server responded with a status of 503 (Service Unavailable) @ http://localhost:4042/whatsapp/qr:0
[ 2634203ms] [ERROR] Failed to load resource: the server responded with a status of 503 (Service Unavailable) @ http://localhost:4042/whatsapp/qr:0
[ 2637206ms] [ERROR] Failed to load resource: the server responded with a status of 503 (Service Unavailable) @ http://localhost:4042/whatsapp/qr:0
[ 2640193ms] [ERROR] Failed to load resource: the server responded with a status of 503 (Service Unavailable) @ http://localhost:4042/whatsapp/qr:0
[ 2643143ms] [ERROR] Failed to load resource: the server responded with a status of 503 (Service Unavailable) @ http://localhost:4042/whatsapp/qr:0
[ 2646209ms] [ERROR] Failed to load resource: the server responded with a status of 503 (Service Unavailable) @ http://localhost:4042/whatsapp/qr:0
[ 2649208ms] [ERROR] Failed to load resource: the server responded with a status of 503 (Service Unavailable) @ http://localhost:4042/whatsapp/qr:0
[ 2652209ms] [ERROR] Failed to load resource: the server responded with a status of 503 (Service Unavailable) @ http://localhost:4042/whatsapp/qr:0
[ 2655208ms] [ERROR] Failed to load resource: the server responded with a status of 503 (Service Unavailable) @ http://localhost:4042/whatsapp/qr:0
[ 2658210ms] [ERROR] Failed to load resource: the server responded with a status of 503 (Service Unavailable) @ http://localhost:4042/whatsapp/qr:0
[ 2661206ms] [ERROR] Failed to load resource: the server responded with a status of 503 (Service Unavailable) @ http://localhost:4042/whatsapp/qr:0
[ 2664203ms] [ERROR] Failed to load resource: the server responded with a status of 503 (Service Unavailable) @ http://localhost:4042/whatsapp/qr:0
[ 2667202ms] [ERROR] Failed to load resource: the server responded with a status of 503 (Service Unavailable) @ http://localhost:4042/whatsapp/qr:0
[ 2670105ms] [ERROR] Failed to load resource: the server responded with a status of 503 (Service Unavailable) @ http://localhost:4042/whatsapp/qr:0
[ 2673205ms] [ERROR] Failed to load resource: the server responded with a status of 503 (Service Unavailable) @ http://localhost:4042/whatsapp/qr:0
[ 2676204ms] [ERROR] Failed to load resource: the server responded with a status of 503 (Service Unavailable) @ http://localhost:4042/whatsapp/qr:0
[ 2679206ms] [ERROR] Failed to load resource: the server responded with a status of 503 (Service Unavailable) @ http://localhost:4042/whatsapp/qr:0
[ 2682088ms] [ERROR] Failed to load resource: the server responded with a status of 503 (Service Unavailable) @ http://localhost:4042/whatsapp/qr:0
[ 2685060ms] [ERROR] Failed to load resource: the server responded with a status of 503 (Service Unavailable) @ http://localhost:4042/whatsapp/qr:0
[ 2688200ms] [ERROR] Failed to load resource: the server responded with a status of 503 (Service Unavailable) @ http://localhost:4042/whatsapp/qr:0
[ 2691195ms] [ERROR] Failed to load resource: the server responded with a status of 503 (Service Unavailable) @ http://localhost:4042/whatsapp/qr:0
[ 2694190ms] [ERROR] Failed to load resource: the server responded with a status of 503 (Service Unavailable) @ http://localhost:4042/whatsapp/qr:0
[ 2697122ms] [ERROR] Failed to load resource: the server responded with a status of 503 (Service Unavailable) @ http://localhost:4042/whatsapp/qr:0
[ 2700126ms] [ERROR] Failed to load resource: the server responded with a status of 503 (Service Unavailable) @ http://localhost:4042/whatsapp/qr:0
[ 2703113ms] [ERROR] Failed to load resource: the server responded with a status of 503 (Service Unavailable) @ http://localhost:4042/whatsapp/qr:0
[ 2706206ms] [ERROR] Failed to load resource: the server responded with a status of 503 (Service Unavailable) @ http://localhost:4042/whatsapp/qr:0
[ 2709205ms] [ERROR] Failed to load resource: the server responded with a status of 503 (Service Unavailable) @ http://localhost:4042/whatsapp/qr:0
[ 2712179ms] [ERROR] Failed to load resource: the server responded with a status of 503 (Service Unavailable) @ http://localhost:4042/whatsapp/qr:0
[ 2715207ms] [ERROR] Failed to load resource: the server responded with a status of 503 (Service Unavailable) @ http://localhost:4042/whatsapp/qr:0
[ 2718084ms] [ERROR] Failed to load resource: the server responded with a status of 503 (Service Unavailable) @ http://localhost:4042/whatsapp/qr:0
[ 2730603ms] [ERROR] Failed to load resource: the server responded with a status of 503 (Service Unavailable) @ http://localhost:4042/whatsapp/qr:0
[ 2730615ms] [ERROR] Failed to load resource: the server responded with a status of 503 (Service Unavailable) @ http://localhost:4042/whatsapp/qr:0
[ 2730618ms] [ERROR] Failed to load resource: the server responded with a status of 503 (Service Unavailable) @ http://localhost:4042/whatsapp/qr:0
[ 2730618ms] [ERROR] Failed to load resource: the server responded with a status of 503 (Service Unavailable) @ http://localhost:4042/whatsapp/qr:0
[ 2733208ms] [ERROR] Failed to load resource: the server responded with a status of 503 (Service Unavailable) @ http://localhost:4042/whatsapp/qr:0
[ 2736517ms] [ERROR] Failed to load resource: the server responded with a status of 503 (Service Unavailable) @ http://localhost:4042/whatsapp/qr:0
[ 2739068ms] [ERROR] Failed to load resource: the server responded with a status of 503 (Service Unavailable) @ http://localhost:4042/whatsapp/qr:0
[ 2742205ms] [ERROR] Failed to load resource: the server responded with a status of 503 (Service Unavailable) @ http://localhost:4042/whatsapp/qr:0
[ 2745206ms] [ERROR] Failed to load resource: the server responded with a status of 503 (Service Unavailable) @ http://localhost:4042/whatsapp/qr:0
[ 2748203ms] [ERROR] Failed to load resource: the server responded with a status of 503 (Service Unavailable) @ http://localhost:4042/whatsapp/qr:0
[ 2751073ms] [ERROR] Failed to load resource: the server responded with a status of 503 (Service Unavailable) @ http://localhost:4042/whatsapp/qr:0
[ 2754205ms] [ERROR] Failed to load resource: the server responded with a status of 503 (Service Unavailable) @ http://localhost:4042/whatsapp/qr:0
[ 2757150ms] [ERROR] Failed to load resource: the server responded with a status of 503 (Service Unavailable) @ http://localhost:4042/whatsapp/qr:0
[ 2760203ms] [ERROR] Failed to load resource: the server responded with a status of 503 (Service Unavailable) @ http://localhost:4042/whatsapp/qr:0
[ 2763192ms] [ERROR] Failed to load resource: the server responded with a status of 503 (Service Unavailable) @ http://localhost:4042/whatsapp/qr:0
[ 2766207ms] [ERROR] Failed to load resource: the server responded with a status of 503 (Service Unavailable) @ http://localhost:4042/whatsapp/qr:0
[ 2769205ms] [ERROR] Failed to load resource: the server responded with a status of 503 (Service Unavailable) @ http://localhost:4042/whatsapp/qr:0
[ 2772205ms] [ERROR] Failed to load resource: the server responded with a status of 503 (Service Unavailable) @ http://localhost:4042/whatsapp/qr:0
[ 2775203ms] [ERROR] Failed to load resource: the server responded with a status of 503 (Service Unavailable) @ http://localhost:4042/whatsapp/qr:0
[ 2778056ms] [ERROR] Failed to load resource: the server responded with a status of 503 (Service Unavailable) @ http://localhost:4042/whatsapp/qr:0
[ 2781147ms] [ERROR] Failed to load resource: the server responded with a status of 503 (Service Unavailable) @ http://localhost:4042/whatsapp/qr:0
[ 2784193ms] [ERROR] Failed to load resource: the server responded with a status of 503 (Service Unavailable) @ http://localhost:4042/whatsapp/qr:0
[ 2787202ms] [ERROR] Failed to load resource: the server responded with a status of 503 (Service Unavailable) @ http://localhost:4042/whatsapp/qr:0
[ 2790171ms] [ERROR] Failed to load resource: the server responded with a status of 503 (Service Unavailable) @ http://localhost:4042/whatsapp/qr:0
[ 2793207ms] [ERROR] Failed to load resource: the server responded with a status of 503 (Service Unavailable) @ http://localhost:4042/whatsapp/qr:0
[ 2796207ms] [ERROR] Failed to load resource: the server responded with a status of 503 (Service Unavailable) @ http://localhost:4042/whatsapp/qr:0
[ 2799207ms] [ERROR] Failed to load resource: the server responded with a status of 503 (Service Unavailable) @ http://localhost:4042/whatsapp/qr:0
[ 2802181ms] [ERROR] Failed to load resource: the server responded with a status of 503 (Service Unavailable) @ http://localhost:4042/whatsapp/qr:0
[ 2805204ms] [ERROR] Failed to load resource: the server responded with a status of 503 (Service Unavailable) @ http://localhost:4042/whatsapp/qr:0
[ 2808199ms] [ERROR] Failed to load resource: the server responded with a status of 503 (Service Unavailable) @ http://localhost:4042/whatsapp/qr:0
[ 2811102ms] [ERROR] Failed to load resource: the server responded with a status of 503 (Service Unavailable) @ http://localhost:4042/whatsapp/qr:0
[ 2814196ms] [ERROR] Failed to load resource: the server responded with a status of 503 (Service Unavailable) @ http://localhost:4042/whatsapp/qr:0
[ 2817203ms] [ERROR] Failed to load resource: the server responded with a status of 503 (Service Unavailable) @ http://localhost:4042/whatsapp/qr:0
[ 2820199ms] [ERROR] Failed to load resource: the server responded with a status of 503 (Service Unavailable) @ http://localhost:4042/whatsapp/qr:0
[ 2823196ms] [ERROR] Failed to load resource: the server responded with a status of 503 (Service Unavailable) @ http://localhost:4042/whatsapp/qr:0
[ 2826207ms] [ERROR] Failed to load resource: the server responded with a status of 503 (Service Unavailable) @ http://localhost:4042/whatsapp/qr:0
[ 2829199ms] [ERROR] Failed to load resource: the server responded with a status of 503 (Service Unavailable) @ http://localhost:4042/whatsapp/qr:0
[ 2832159ms] [ERROR] Failed to load resource: the server responded with a status of 503 (Service Unavailable) @ http://localhost:4042/whatsapp/qr:0
[ 2835207ms] [ERROR] Failed to load resource: the server responded with a status of 503 (Service Unavailable) @ http://localhost:4042/whatsapp/qr:0
[ 2838095ms] [ERROR] Failed to load resource: the server responded with a status of 503 (Service Unavailable) @ http://localhost:4042/whatsapp/qr:0
[ 2841190ms] [ERROR] Failed to load resource: the server responded with a status of 503 (Service Unavailable) @ http://localhost:4042/whatsapp/qr:0
[ 2844189ms] [ERROR] Failed to load resource: the server responded with a status of 503 (Service Unavailable) @ http://localhost:4042/whatsapp/qr:0
[ 2847112ms] [ERROR] Failed to load resource: the server responded with a status of 503 (Service Unavailable) @ http://localhost:4042/whatsapp/qr:0
[ 2850210ms] [ERROR] Failed to load resource: the server responded with a status of 503 (Service Unavailable) @ http://localhost:4042/whatsapp/qr:0
[ 2853207ms] [ERROR] Failed to load resource: the server responded with a status of 503 (Service Unavailable) @ http://localhost:4042/whatsapp/qr:0
[ 2856207ms] [ERROR] Failed to load resource: the server responded with a status of 503 (Service Unavailable) @ http://localhost:4042/whatsapp/qr:0
[ 2859206ms] [ERROR] Failed to load resource: the server responded with a status of 503 (Service Unavailable) @ http://localhost:4042/whatsapp/qr:0
[ 2862257ms] [ERROR] Failed to load resource: the server responded with a status of 503 (Service Unavailable) @ http://localhost:4042/whatsapp/qr:0
[ 2865191ms] [ERROR] Failed to load resource: the server responded with a status of 503 (Service Unavailable) @ http://localhost:4042/whatsapp/qr:0
[ 2868204ms] [ERROR] Failed to load resource: the server responded with a status of 503 (Service Unavailable) @ http://localhost:4042/whatsapp/qr:0
[ 2871160ms] [ERROR] Failed to load resource: the server responded with a status of 503 (Service Unavailable) @ http://localhost:4042/whatsapp/qr:0
[ 2874200ms] [ERROR] Failed to load resource: the server responded with a status of 503 (Service Unavailable) @ http://localhost:4042/whatsapp/qr:0
[ 2877068ms] [ERROR] Failed to load resource: the server responded with a status of 503 (Service Unavailable) @ http://localhost:4042/whatsapp/qr:0
[ 2880186ms] [ERROR] Failed to load resource: the server responded with a status of 503 (Service Unavailable) @ http://localhost:4042/whatsapp/qr:0
[ 2883193ms] [ERROR] Failed to load resource: the server responded with a status of 503 (Service Unavailable) @ http://localhost:4042/whatsapp/qr:0
[ 2886186ms] [ERROR] Failed to load resource: the server responded with a status of 503 (Service Unavailable) @ http://localhost:4042/whatsapp/qr:0
[ 2889201ms] [ERROR] Failed to load resource: the server responded with a status of 503 (Service Unavailable) @ http://localhost:4042/whatsapp/qr:0
[ 2892090ms] [ERROR] Failed to load resource: the server responded with a status of 503 (Service Unavailable) @ http://localhost:4042/whatsapp/qr:0
[ 2895208ms] [ERROR] Failed to load resource: the server responded with a status of 503 (Service Unavailable) @ http://localhost:4042/whatsapp/qr:0
[ 2898206ms] [ERROR] Failed to load resource: the server responded with a status of 503 (Service Unavailable) @ http://localhost:4042/whatsapp/qr:0
[ 2901174ms] [ERROR] Failed to load resource: the server responded with a status of 503 (Service Unavailable) @ http://localhost:4042/whatsapp/qr:0
[ 2904204ms] [ERROR] Failed to load resource: the server responded with a status of 503 (Service Unavailable) @ http://localhost:4042/whatsapp/qr:0
[ 2907213ms] [ERROR] Failed to load resource: the server responded with a status of 503 (Service Unavailable) @ http://localhost:4042/whatsapp/qr:0
[ 2910206ms] [ERROR] Failed to load resource: the server responded with a status of 503 (Service Unavailable) @ http://localhost:4042/whatsapp/qr:0
[ 2913198ms] [ERROR] Failed to load resource: the server responded with a status of 503 (Service Unavailable) @ http://localhost:4042/whatsapp/qr:0
[ 2916205ms] [ERROR] Failed to load resource: the server responded with a status of 503 (Service Unavailable) @ http://localhost:4042/whatsapp/qr:0
[ 2919208ms] [ERROR] Failed to load resource: the server responded with a status of 503 (Service Unavailable) @ http://localhost:4042/whatsapp/qr:0
[ 2922093ms] [ERROR] Failed to load resource: the server responded with a status of 503 (Service Unavailable) @ http://localhost:4042/whatsapp/qr:0
[ 2925200ms] [ERROR] Failed to load resource: the server responded with a status of 503 (Service Unavailable) @ http://localhost:4042/whatsapp/qr:0
[ 2928207ms] [ERROR] Failed to load resource: the server responded with a status of 503 (Service Unavailable) @ http://localhost:4042/whatsapp/qr:0
[ 2931175ms] [ERROR] Failed to load resource: the server responded with a status of 503 (Service Unavailable) @ http://localhost:4042/whatsapp/qr:0
[ 2934206ms] [ERROR] Failed to load resource: the server responded with a status of 503 (Service Unavailable) @ http://localhost:4042/whatsapp/qr:0
[ 2937269ms] [ERROR] Failed to load resource: the server responded with a status of 503 (Service Unavailable) @ http://localhost:4042/whatsapp/qr:0
[ 2940160ms] [ERROR] Failed to load resource: the server responded with a status of 503 (Service Unavailable) @ http://localhost:4042/whatsapp/qr:0
[ 2943201ms] [ERROR] Failed to load resource: the server responded with a status of 503 (Service Unavailable) @ http://localhost:4042/whatsapp/qr:0
[ 2946209ms] [ERROR] Failed to load resource: the server responded with a status of 503 (Service Unavailable) @ http://localhost:4042/whatsapp/qr:0
[ 2949209ms] [ERROR] Failed to load resource: the server responded with a status of 503 (Service Unavailable) @ http://localhost:4042/whatsapp/qr:0
[ 2952283ms] [ERROR] Failed to load resource: the server responded with a status of 503 (Service Unavailable) @ http://localhost:4042/whatsapp/qr:0
[ 2955115ms] [ERROR] Failed to load resource: the server responded with a status of 503 (Service Unavailable) @ http://localhost:4042/whatsapp/qr:0
[ 2958127ms] [ERROR] Failed to load resource: the server responded with a status of 503 (Service Unavailable) @ http://localhost:4042/whatsapp/qr:0
[ 2961208ms] [ERROR] Failed to load resource: the server responded with a status of 503 (Service Unavailable) @ http://localhost:4042/whatsapp/qr:0
[ 2964202ms] [ERROR] Failed to load resource: the server responded with a status of 503 (Service Unavailable) @ http://localhost:4042/whatsapp/qr:0
[ 2967208ms] [ERROR] Failed to load resource: the server responded with a status of 503 (Service Unavailable) @ http://localhost:4042/whatsapp/qr:0
[ 2970207ms] [ERROR] Failed to load resource: the server responded with a status of 503 (Service Unavailable) @ http://localhost:4042/whatsapp/qr:0
[ 2973127ms] [ERROR] Failed to load resource: the server responded with a status of 503 (Service Unavailable) @ http://localhost:4042/whatsapp/qr:0
[ 2976210ms] [ERROR] Failed to load resource: the server responded with a status of 503 (Service Unavailable) @ http://localhost:4042/whatsapp/qr:0
[ 2979201ms] [ERROR] Failed to load resource: the server responded with a status of 503 (Service Unavailable) @ http://localhost:4042/whatsapp/qr:0
[ 2982072ms] [ERROR] Failed to load resource: the server responded with a status of 503 (Service Unavailable) @ http://localhost:4042/whatsapp/qr:0
[ 2985163ms] [ERROR] Failed to load resource: the server responded with a status of 503 (Service Unavailable) @ http://localhost:4042/whatsapp/qr:0
[ 2988204ms] [ERROR] Failed to load resource: the server responded with a status of 503 (Service Unavailable) @ http://localhost:4042/whatsapp/qr:0
[ 2991061ms] [ERROR] Failed to load resource: the server responded with a status of 503 (Service Unavailable) @ http://localhost:4042/whatsapp/qr:0
[ 2994205ms] [ERROR] Failed to load resource: the server responded with a status of 503 (Service Unavailable) @ http://localhost:4042/whatsapp/qr:0
[ 2997209ms] [ERROR] Failed to load resource: the server responded with a status of 503 (Service Unavailable) @ http://localhost:4042/whatsapp/qr:0
[ 3000200ms] [ERROR] Failed to load resource: the server responded with a status of 503 (Service Unavailable) @ http://localhost:4042/whatsapp/qr:0
[ 3003108ms] [ERROR] Failed to load resource: the server responded with a status of 503 (Service Unavailable) @ http://localhost:4042/whatsapp/qr:0
[ 3006206ms] [ERROR] Failed to load resource: the server responded with a status of 503 (Service Unavailable) @ http://localhost:4042/whatsapp/qr:0
[ 3009203ms] [ERROR] Failed to load resource: the server responded with a status of 503 (Service Unavailable) @ http://localhost:4042/whatsapp/qr:0
[ 3012122ms] [ERROR] Failed to load resource: the server responded with a status of 503 (Service Unavailable) @ http://localhost:4042/whatsapp/qr:0
[ 3015209ms] [ERROR] Failed to load resource: the server responded with a status of 503 (Service Unavailable) @ http://localhost:4042/whatsapp/qr:0
[ 3018191ms] [ERROR] Failed to load resource: the server responded with a status of 503 (Service Unavailable) @ http://localhost:4042/whatsapp/qr:0
[ 3040619ms] [ERROR] Failed to load resource: the server responded with a status of 503 (Service Unavailable) @ http://localhost:4042/whatsapp/qr:0
[ 3044002ms] [ERROR] Failed to load resource: the server responded with a status of 503 (Service Unavailable) @ http://localhost:4042/whatsapp/qr:0
[ 3044007ms] [ERROR] Failed to load resource: the server responded with a status of 503 (Service Unavailable) @ http://localhost:4042/whatsapp/qr:0
[ 3044009ms] [ERROR] Failed to load resource: the server responded with a status of 503 (Service Unavailable) @ http://localhost:4042/whatsapp/qr:0
[ 3044010ms] [ERROR] Failed to load resource: the server responded with a status of 503 (Service Unavailable) @ http://localhost:4042/whatsapp/qr:0
[ 3044011ms] [ERROR] Failed to load resource: the server responded with a status of 503 (Service Unavailable) @ http://localhost:4042/whatsapp/qr:0
[ 3044087ms] [ERROR] Failed to load resource: the server responded with a status of 503 (Service Unavailable) @ http://localhost:4042/whatsapp/qr:0
[ 3044087ms] [ERROR] Failed to load resource: the server responded with a status of 503 (Service Unavailable) @ http://localhost:4042/whatsapp/qr:0
[ 3045156ms] [ERROR] Failed to load resource: net::ERR_CONNECTION_REFUSED @ http://localhost:4042/whatsapp/qr:0
[ 3048203ms] [ERROR] Failed to load resource: net::ERR_CONNECTION_REFUSED @ http://localhost:4042/whatsapp/qr:0
[ 3051205ms] [ERROR] Failed to load resource: the server responded with a status of 503 (Service Unavailable) @ http://localhost:4042/whatsapp/qr:0
[ 3213125ms] [ERROR] Failed to load resource: the server responded with a status of 503 (Service Unavailable) @ http://localhost:4042/whatsapp/qr:0
[ 3216929ms] [ERROR] Failed to load resource: the server responded with a status of 503 (Service Unavailable) @ http://localhost:4042/whatsapp/qr:0
[ 3216933ms] [ERROR] Failed to load resource: the server responded with a status of 503 (Service Unavailable) @ http://localhost:4042/whatsapp/qr:0
[ 3216935ms] [ERROR] Failed to load resource: the server responded with a status of 503 (Service Unavailable) @ http://localhost:4042/whatsapp/qr:0
[ 3216935ms] [ERROR] Failed to load resource: the server responded with a status of 503 (Service Unavailable) @ http://localhost:4042/whatsapp/qr:0
[ 3216936ms] [ERROR] Failed to load resource: the server responded with a status of 503 (Service Unavailable) @ http://localhost:4042/whatsapp/qr:0
[ 3216937ms] [ERROR] Failed to load resource: the server responded with a status of 503 (Service Unavailable) @ http://localhost:4042/whatsapp/qr:0
[ 3217023ms] [ERROR] Failed to load resource: the server responded with a status of 503 (Service Unavailable) @ http://localhost:4042/whatsapp/qr:0
[ 3217023ms] [ERROR] Failed to load resource: the server responded with a status of 503 (Service Unavailable) @ http://localhost:4042/whatsapp/qr:0
[ 3217030ms] [ERROR] Failed to load resource: the server responded with a status of 503 (Service Unavailable) @ http://localhost:4042/whatsapp/qr:0
[ 3217031ms] [ERROR] Failed to load resource: the server responded with a status of 503 (Service Unavailable) @ http://localhost:4042/whatsapp/qr:0
[ 3217032ms] [ERROR] Failed to load resource: the server responded with a status of 503 (Service Unavailable) @ http://localhost:4042/whatsapp/qr:0
[ 3217039ms] [ERROR] Failed to load resource: the server responded with a status of 503 (Service Unavailable) @ http://localhost:4042/whatsapp/qr:0
[ 3217039ms] [ERROR] Failed to load resource: the server responded with a status of 503 (Service Unavailable) @ http://localhost:4042/whatsapp/qr:0
[ 3217039ms] [ERROR] Failed to load resource: the server responded with a status of 503 (Service Unavailable) @ http://localhost:4042/whatsapp/qr:0
[ 3217039ms] [ERROR] Failed to load resource: the server responded with a status of 503 (Service Unavailable) @ http://localhost:4042/whatsapp/qr:0
[ 3217040ms] [ERROR] Failed to load resource: the server responded with a status of 503 (Service Unavailable) @ http://localhost:4042/whatsapp/qr:0
[ 3217040ms] [ERROR] Failed to load resource: the server responded with a status of 503 (Service Unavailable) @ http://localhost:4042/whatsapp/qr:0
[ 3217041ms] [ERROR] Failed to load resource: the server responded with a status of 503 (Service Unavailable) @ http://localhost:4042/whatsapp/qr:0
[ 3217041ms] [ERROR] Failed to load resource: the server responded with a status of 503 (Service Unavailable) @ http://localhost:4042/whatsapp/qr:0
[ 3217042ms] [ERROR] Failed to load resource: the server responded with a status of 503 (Service Unavailable) @ http://localhost:4042/whatsapp/qr:0
[ 3217042ms] [ERROR] Failed to load resource: the server responded with a status of 503 (Service Unavailable) @ http://localhost:4042/whatsapp/qr:0
[ 3217042ms] [ERROR] Failed to load resource: the server responded with a status of 503 (Service Unavailable) @ http://localhost:4042/whatsapp/qr:0
[ 3217042ms] [ERROR] Failed to load resource: the server responded with a status of 503 (Service Unavailable) @ http://localhost:4042/whatsapp/qr:0
[ 3217042ms] [ERROR] Failed to load resource: the server responded with a status of 503 (Service Unavailable) @ http://localhost:4042/whatsapp/qr:0
[ 3217043ms] [ERROR] Failed to load resource: the server responded with a status of 503 (Service Unavailable) @ http://localhost:4042/whatsapp/qr:0
[ 3217043ms] [ERROR] Failed to load resource: the server responded with a status of 503 (Service Unavailable) @ http://localhost:4042/whatsapp/qr:0
[ 3217043ms] [ERROR] Failed to load resource: the server responded with a status of 503 (Service Unavailable) @ http://localhost:4042/whatsapp/qr:0
[ 3217043ms] [ERROR] Failed to load resource: the server responded with a status of 503 (Service Unavailable) @ http://localhost:4042/whatsapp/qr:0
[ 3217043ms] [ERROR] Failed to load resource: the server responded with a status of 503 (Service Unavailable) @ http://localhost:4042/whatsapp/qr:0
[ 3217129ms] [ERROR] Failed to load resource: the server responded with a status of 503 (Service Unavailable) @ http://localhost:4042/whatsapp/qr:0
[ 3217129ms] [ERROR] Failed to load resource: the server responded with a status of 503 (Service Unavailable) @ http://localhost:4042/whatsapp/qr:0
[ 3217130ms] [ERROR] Failed to load resource: the server responded with a status of 503 (Service Unavailable) @ http://localhost:4042/whatsapp/qr:0
[ 3217130ms] [ERROR] Failed to load resource: the server responded with a status of 503 (Service Unavailable) @ http://localhost:4042/whatsapp/qr:0
[ 3217132ms] [ERROR] Failed to load resource: the server responded with a status of 503 (Service Unavailable) @ http://localhost:4042/whatsapp/qr:0
[ 3217132ms] [ERROR] Failed to load resource: the server responded with a status of 503 (Service Unavailable) @ http://localhost:4042/whatsapp/qr:0
[ 3217132ms] [ERROR] Failed to load resource: the server responded with a status of 503 (Service Unavailable) @ http://localhost:4042/whatsapp/qr:0
[ 3217132ms] [ERROR] Failed to load resource: the server responded with a status of 503 (Service Unavailable) @ http://localhost:4042/whatsapp/qr:0
[ 3217132ms] [ERROR] Failed to load resource: the server responded with a status of 503 (Service Unavailable) @ http://localhost:4042/whatsapp/qr:0
[ 3217133ms] [ERROR] Failed to load resource: the server responded with a status of 503 (Service Unavailable) @ http://localhost:4042/whatsapp/qr:0
[ 3217134ms] [ERROR] Failed to load resource: the server responded with a status of 503 (Service Unavailable) @ http://localhost:4042/whatsapp/qr:0
[ 3217134ms] [ERROR] Failed to load resource: the server responded with a status of 503 (Service Unavailable) @ http://localhost:4042/whatsapp/qr:0
[ 3217134ms] [ERROR] Failed to load resource: the server responded with a status of 503 (Service Unavailable) @ http://localhost:4042/whatsapp/qr:0
[ 3217135ms] [ERROR] Failed to load resource: the server responded with a status of 503 (Service Unavailable) @ http://localhost:4042/whatsapp/qr:0
[ 3217135ms] [ERROR] Failed to load resource: the server responded with a status of 503 (Service Unavailable) @ http://localhost:4042/whatsapp/qr:0
[ 3217135ms] [ERROR] Failed to load resource: the server responded with a status of 503 (Service Unavailable) @ http://localhost:4042/whatsapp/qr:0
[ 3217135ms] [ERROR] Failed to load resource: the server responded with a status of 503 (Service Unavailable) @ http://localhost:4042/whatsapp/qr:0
[ 3217136ms] [ERROR] Failed to load resource: the server responded with a status of 503 (Service Unavailable) @ http://localhost:4042/whatsapp/qr:0
[ 3217137ms] [ERROR] Failed to load resource: the server responded with a status of 503 (Service Unavailable) @ http://localhost:4042/whatsapp/qr:0
[ 3217139ms] [ERROR] Failed to load resource: the server responded with a status of 503 (Service Unavailable) @ http://localhost:4042/whatsapp/qr:0
[ 3217140ms] [ERROR] Failed to load resource: the server responded with a status of 503 (Service Unavailable) @ http://localhost:4042/whatsapp/qr:0
[ 3217225ms] [ERROR] Failed to load resource: the server responded with a status of 503 (Service Unavailable) @ http://localhost:4042/whatsapp/qr:0
[ 3217226ms] [ERROR] Failed to load resource: the server responded with a status of 503 (Service Unavailable) @ http://localhost:4042/whatsapp/qr:0
[ 3217226ms] [ERROR] Failed to load resource: the server responded with a status of 503 (Service Unavailable) @ http://localhost:4042/whatsapp/qr:0
[ 3217227ms] [ERROR] Failed to load resource: the server responded with a status of 503 (Service Unavailable) @ http://localhost:4042/whatsapp/qr:0
[ 3219216ms] [ERROR] Failed to load resource: the server responded with a status of 503 (Service Unavailable) @ http://localhost:4042/whatsapp/qr:0
[ 3222247ms] [ERROR] Failed to load resource: the server responded with a status of 503 (Service Unavailable) @ http://localhost:4042/whatsapp/qr:0
[ 3225161ms] [ERROR] Failed to load resource: the server responded with a status of 503 (Service Unavailable) @ http://localhost:4042/whatsapp/qr:0
[ 3228318ms] [ERROR] Failed to load resource: the server responded with a status of 503 (Service Unavailable) @ http://localhost:4042/whatsapp/qr:0
[ 3231249ms] [ERROR] Failed to load resource: the server responded with a status of 503 (Service Unavailable) @ http://localhost:4042/whatsapp/qr:0
[ 3234249ms] [ERROR] Failed to load resource: the server responded with a status of 503 (Service Unavailable) @ http://localhost:4042/whatsapp/qr:0
[ 3237242ms] [ERROR] Failed to load resource: the server responded with a status of 503 (Service Unavailable) @ http://localhost:4042/whatsapp/qr:0
[ 3240126ms] [ERROR] Failed to load resource: the server responded with a status of 503 (Service Unavailable) @ http://localhost:4042/whatsapp/qr:0
[ 3243250ms] [ERROR] Failed to load resource: the server responded with a status of 503 (Service Unavailable) @ http://localhost:4042/whatsapp/qr:0
[ 3246242ms] [ERROR] Failed to load resource: the server responded with a status of 503 (Service Unavailable) @ http://localhost:4042/whatsapp/qr:0
[ 3249251ms] [ERROR] Failed to load resource: the server responded with a status of 503 (Service Unavailable) @ http://localhost:4042/whatsapp/qr:0
[ 3252138ms] [ERROR] Failed to load resource: the server responded with a status of 503 (Service Unavailable) @ http://localhost:4042/whatsapp/qr:0
[ 3255247ms] [ERROR] Failed to load resource: the server responded with a status of 503 (Service Unavailable) @ http://localhost:4042/whatsapp/qr:0
[ 3258276ms] [ERROR] Failed to load resource: the server responded with a status of 503 (Service Unavailable) @ http://localhost:4042/whatsapp/qr:0
[ 3261226ms] [ERROR] Failed to load resource: the server responded with a status of 503 (Service Unavailable) @ http://localhost:4042/whatsapp/qr:0
[ 3264252ms] [ERROR] Failed to load resource: the server responded with a status of 503 (Service Unavailable) @ http://localhost:4042/whatsapp/qr:0
[ 3267238ms] [ERROR] Failed to load resource: the server responded with a status of 503 (Service Unavailable) @ http://localhost:4042/whatsapp/qr:0
[ 3270121ms] [ERROR] Failed to load resource: the server responded with a status of 503 (Service Unavailable) @ http://localhost:4042/whatsapp/qr:0
[ 3273295ms] [ERROR] Failed to load resource: the server responded with a status of 503 (Service Unavailable) @ http://localhost:4042/whatsapp/qr:0
[ 3276570ms] [ERROR] Failed to load resource: the server responded with a status of 503 (Service Unavailable) @ http://localhost:4042/whatsapp/qr:0
[ 3279150ms] [ERROR] Failed to load resource: the server responded with a status of 503 (Service Unavailable) @ http://localhost:4042/whatsapp/qr:0
[ 3282253ms] [ERROR] Failed to load resource: the server responded with a status of 503 (Service Unavailable) @ http://localhost:4042/whatsapp/qr:0
[ 3285257ms] [ERROR] Failed to load resource: the server responded with a status of 503 (Service Unavailable) @ http://localhost:4042/whatsapp/qr:0
[ 3288290ms] [ERROR] Failed to load resource: the server responded with a status of 503 (Service Unavailable) @ http://localhost:4042/whatsapp/qr:0
[ 3291143ms] [ERROR] Failed to load resource: the server responded with a status of 503 (Service Unavailable) @ http://localhost:4042/whatsapp/qr:0
[ 3294256ms] [ERROR] Failed to load resource: the server responded with a status of 503 (Service Unavailable) @ http://localhost:4042/whatsapp/qr:0
[ 3297257ms] [ERROR] Failed to load resource: the server responded with a status of 503 (Service Unavailable) @ http://localhost:4042/whatsapp/qr:0
[ 3300283ms] [ERROR] Failed to load resource: the server responded with a status of 503 (Service Unavailable) @ http://localhost:4042/whatsapp/qr:0
[ 3303322ms] [ERROR] Failed to load resource: the server responded with a status of 503 (Service Unavailable) @ http://localhost:4042/whatsapp/qr:0
[ 3306253ms] [ERROR] Failed to load resource: the server responded with a status of 503 (Service Unavailable) @ http://localhost:4042/whatsapp/qr:0
[ 3309172ms] [ERROR] Failed to load resource: the server responded with a status of 503 (Service Unavailable) @ http://localhost:4042/whatsapp/qr:0
[ 3312124ms] [ERROR] Failed to load resource: the server responded with a status of 503 (Service Unavailable) @ http://localhost:4042/whatsapp/qr:0
[ 3315177ms] [ERROR] Failed to load resource: the server responded with a status of 503 (Service Unavailable) @ http://localhost:4042/whatsapp/qr:0
[ 3318134ms] [ERROR] Failed to load resource: the server responded with a status of 503 (Service Unavailable) @ http://localhost:4042/whatsapp/qr:0
[ 3330574ms] [ERROR] Failed to load resource: the server responded with a status of 503 (Service Unavailable) @ http://localhost:4042/whatsapp/qr:0
[ 3330587ms] [ERROR] Failed to load resource: the server responded with a status of 503 (Service Unavailable) @ http://localhost:4042/whatsapp/qr:0
[ 3330588ms] [ERROR] Failed to load resource: the server responded with a status of 503 (Service Unavailable) @ http://localhost:4042/whatsapp/qr:0
[ 3330589ms] [ERROR] Failed to load resource: the server responded with a status of 503 (Service Unavailable) @ http://localhost:4042/whatsapp/qr:0
[ 3333128ms] [ERROR] Failed to load resource: the server responded with a status of 503 (Service Unavailable) @ http://localhost:4042/whatsapp/qr:0
[ 3336350ms] [ERROR] Failed to load resource: the server responded with a status of 503 (Service Unavailable) @ http://localhost:4042/whatsapp/qr:0
[ 3339178ms] [ERROR] Failed to load resource: the server responded with a status of 503 (Service Unavailable) @ http://localhost:4042/whatsapp/qr:0
[ 3342176ms] [ERROR] Failed to load resource: the server responded with a status of 503 (Service Unavailable) @ http://localhost:4042/whatsapp/qr:0
[ 3345185ms] [ERROR] Failed to load resource: the server responded with a status of 503 (Service Unavailable) @ http://localhost:4042/whatsapp/qr:0
[ 3348177ms] [ERROR] Failed to load resource: the server responded with a status of 503 (Service Unavailable) @ http://localhost:4042/whatsapp/qr:0
[ 3351181ms] [ERROR] Failed to load resource: the server responded with a status of 503 (Service Unavailable) @ http://localhost:4042/whatsapp/qr:0
[ 3354178ms] [ERROR] Failed to load resource: the server responded with a status of 503 (Service Unavailable) @ http://localhost:4042/whatsapp/qr:0
[ 3357176ms] [ERROR] Failed to load resource: the server responded with a status of 503 (Service Unavailable) @ http://localhost:4042/whatsapp/qr:0
[ 3360181ms] [ERROR] Failed to load resource: the server responded with a status of 503 (Service Unavailable) @ http://localhost:4042/whatsapp/qr:0
[ 3363177ms] [ERROR] Failed to load resource: the server responded with a status of 503 (Service Unavailable) @ http://localhost:4042/whatsapp/qr:0
[ 3366180ms] [ERROR] Failed to load resource: the server responded with a status of 503 (Service Unavailable) @ http://localhost:4042/whatsapp/qr:0
[ 3369179ms] [ERROR] Failed to load resource: the server responded with a status of 503 (Service Unavailable) @ http://localhost:4042/whatsapp/qr:0
[ 3372183ms] [ERROR] Failed to load resource: the server responded with a status of 503 (Service Unavailable) @ http://localhost:4042/whatsapp/qr:0
[ 3375183ms] [ERROR] Failed to load resource: the server responded with a status of 503 (Service Unavailable) @ http://localhost:4042/whatsapp/qr:0
[ 3378183ms] [ERROR] Failed to load resource: the server responded with a status of 503 (Service Unavailable) @ http://localhost:4042/whatsapp/qr:0
[ 3381182ms] [ERROR] Failed to load resource: the server responded with a status of 503 (Service Unavailable) @ http://localhost:4042/whatsapp/qr:0
[ 3384178ms] [ERROR] Failed to load resource: the server responded with a status of 503 (Service Unavailable) @ http://localhost:4042/whatsapp/qr:0
[ 3387173ms] [ERROR] Failed to load resource: the server responded with a status of 503 (Service Unavailable) @ http://localhost:4042/whatsapp/qr:0
[ 3390184ms] [ERROR] Failed to load resource: the server responded with a status of 503 (Service Unavailable) @ http://localhost:4042/whatsapp/qr:0
[ 3393180ms] [ERROR] Failed to load resource: the server responded with a status of 503 (Service Unavailable) @ http://localhost:4042/whatsapp/qr:0
[ 3396181ms] [ERROR] Failed to load resource: the server responded with a status of 503 (Service Unavailable) @ http://localhost:4042/whatsapp/qr:0
[ 3399182ms] [ERROR] Failed to load resource: the server responded with a status of 503 (Service Unavailable) @ http://localhost:4042/whatsapp/qr:0
[ 3402175ms] [ERROR] Failed to load resource: the server responded with a status of 503 (Service Unavailable) @ http://localhost:4042/whatsapp/qr:0
[ 3405180ms] [ERROR] Failed to load resource: the server responded with a status of 503 (Service Unavailable) @ http://localhost:4042/whatsapp/qr:0
[ 3408178ms] [ERROR] Failed to load resource: the server responded with a status of 503 (Service Unavailable) @ http://localhost:4042/whatsapp/qr:0
[ 3411183ms] [ERROR] Failed to load resource: the server responded with a status of 503 (Service Unavailable) @ http://localhost:4042/whatsapp/qr:0
[ 3414176ms] [ERROR] Failed to load resource: the server responded with a status of 503 (Service Unavailable) @ http://localhost:4042/whatsapp/qr:0
[ 3417180ms] [ERROR] Failed to load resource: the server responded with a status of 503 (Service Unavailable) @ http://localhost:4042/whatsapp/qr:0
[ 3420180ms] [ERROR] Failed to load resource: the server responded with a status of 503 (Service Unavailable) @ http://localhost:4042/whatsapp/qr:0
[ 3423178ms] [ERROR] Failed to load resource: the server responded with a status of 503 (Service Unavailable) @ http://localhost:4042/whatsapp/qr:0
[ 3426187ms] [ERROR] Failed to load resource: the server responded with a status of 503 (Service Unavailable) @ http://localhost:4042/whatsapp/qr:0
[ 3429181ms] [ERROR] Failed to load resource: the server responded with a status of 503 (Service Unavailable) @ http://localhost:4042/whatsapp/qr:0
[ 3432177ms] [ERROR] Failed to load resource: the server responded with a status of 503 (Service Unavailable) @ http://localhost:4042/whatsapp/qr:0
[ 3435176ms] [ERROR] Failed to load resource: the server responded with a status of 503 (Service Unavailable) @ http://localhost:4042/whatsapp/qr:0
[ 3438181ms] [ERROR] Failed to load resource: the server responded with a status of 503 (Service Unavailable) @ http://localhost:4042/whatsapp/qr:0
[ 3441177ms] [ERROR] Failed to load resource: the server responded with a status of 503 (Service Unavailable) @ http://localhost:4042/whatsapp/qr:0
[ 3444180ms] [ERROR] Failed to load resource: the server responded with a status of 503 (Service Unavailable) @ http://localhost:4042/whatsapp/qr:0
[ 3447165ms] [ERROR] Failed to load resource: the server responded with a status of 503 (Service Unavailable) @ http://localhost:4042/whatsapp/qr:0
[ 3450181ms] [ERROR] Failed to load resource: the server responded with a status of 503 (Service Unavailable) @ http://localhost:4042/whatsapp/qr:0
[ 3453182ms] [ERROR] Failed to load resource: the server responded with a status of 503 (Service Unavailable) @ http://localhost:4042/whatsapp/qr:0
[ 3456191ms] [ERROR] Failed to load resource: the server responded with a status of 503 (Service Unavailable) @ http://localhost:4042/whatsapp/qr:0
[ 3459181ms] [ERROR] Failed to load resource: the server responded with a status of 503 (Service Unavailable) @ http://localhost:4042/whatsapp/qr:0
[ 3462189ms] [ERROR] Failed to load resource: the server responded with a status of 503 (Service Unavailable) @ http://localhost:4042/whatsapp/qr:0
[ 3465179ms] [ERROR] Failed to load resource: the server responded with a status of 503 (Service Unavailable) @ http://localhost:4042/whatsapp/qr:0
[ 3468178ms] [ERROR] Failed to load resource: the server responded with a status of 503 (Service Unavailable) @ http://localhost:4042/whatsapp/qr:0
[ 3471183ms] [ERROR] Failed to load resource: the server responded with a status of 503 (Service Unavailable) @ http://localhost:4042/whatsapp/qr:0
[ 3474185ms] [ERROR] Failed to load resource: the server responded with a status of 503 (Service Unavailable) @ http://localhost:4042/whatsapp/qr:0
[ 3477206ms] [ERROR] Failed to load resource: the server responded with a status of 503 (Service Unavailable) @ http://localhost:4042/whatsapp/qr:0
[ 3480180ms] [ERROR] Failed to load resource: the server responded with a status of 503 (Service Unavailable) @ http://localhost:4042/whatsapp/qr:0
[ 3483172ms] [ERROR] Failed to load resource: the server responded with a status of 503 (Service Unavailable) @ http://localhost:4042/whatsapp/qr:0
[ 3486186ms] [ERROR] Failed to load resource: the server responded with a status of 503 (Service Unavailable) @ http://localhost:4042/whatsapp/qr:0
[ 3489174ms] [ERROR] Failed to load resource: the server responded with a status of 503 (Service Unavailable) @ http://localhost:4042/whatsapp/qr:0
[ 3492213ms] [ERROR] Failed to load resource: the server responded with a status of 503 (Service Unavailable) @ http://localhost:4042/whatsapp/qr:0
[ 3495184ms] [ERROR] Failed to load resource: the server responded with a status of 503 (Service Unavailable) @ http://localhost:4042/whatsapp/qr:0
[ 3498185ms] [ERROR] Failed to load resource: the server responded with a status of 503 (Service Unavailable) @ http://localhost:4042/whatsapp/qr:0
[ 3501187ms] [ERROR] Failed to load resource: the server responded with a status of 503 (Service Unavailable) @ http://localhost:4042/whatsapp/qr:0
[ 3504178ms] [ERROR] Failed to load resource: the server responded with a status of 503 (Service Unavailable) @ http://localhost:4042/whatsapp/qr:0
[ 3507207ms] [ERROR] Failed to load resource: the server responded with a status of 503 (Service Unavailable) @ http://localhost:4042/whatsapp/qr:0
[ 3510187ms] [ERROR] Failed to load resource: the server responded with a status of 503 (Service Unavailable) @ http://localhost:4042/whatsapp/qr:0
[ 3513185ms] [ERROR] Failed to load resource: the server responded with a status of 503 (Service Unavailable) @ http://localhost:4042/whatsapp/qr:0
[ 3516182ms] [ERROR] Failed to load resource: the server responded with a status of 503 (Service Unavailable) @ http://localhost:4042/whatsapp/qr:0
[ 3519177ms] [ERROR] Failed to load resource: the server responded with a status of 503 (Service Unavailable) @ http://localhost:4042/whatsapp/qr:0
[ 3522253ms] [ERROR] Failed to load resource: the server responded with a status of 503 (Service Unavailable) @ http://localhost:4042/whatsapp/qr:0
[ 3525183ms] [ERROR] Failed to load resource: the server responded with a status of 503 (Service Unavailable) @ http://localhost:4042/whatsapp/qr:0
[ 3528177ms] [ERROR] Failed to load resource: the server responded with a status of 503 (Service Unavailable) @ http://localhost:4042/whatsapp/qr:0
[ 3531185ms] [ERROR] Failed to load resource: the server responded with a status of 503 (Service Unavailable) @ http://localhost:4042/whatsapp/qr:0
[ 3534182ms] [ERROR] Failed to load resource: the server responded with a status of 503 (Service Unavailable) @ http://localhost:4042/whatsapp/qr:0
[ 3537183ms] [ERROR] Failed to load resource: the server responded with a status of 503 (Service Unavailable) @ http://localhost:4042/whatsapp/qr:0
[ 3540158ms] [ERROR] Failed to load resource: the server responded with a status of 503 (Service Unavailable) @ http://localhost:4042/whatsapp/qr:0
[ 3543139ms] [ERROR] Failed to load resource: the server responded with a status of 503 (Service Unavailable) @ http://localhost:4042/whatsapp/qr:0
[ 3546183ms] [ERROR] Failed to load resource: the server responded with a status of 503 (Service Unavailable) @ http://localhost:4042/whatsapp/qr:0
[ 3549182ms] [ERROR] Failed to load resource: the server responded with a status of 503 (Service Unavailable) @ http://localhost:4042/whatsapp/qr:0
[ 3552177ms] [ERROR] Failed to load resource: the server responded with a status of 503 (Service Unavailable) @ http://localhost:4042/whatsapp/qr:0
[ 3555185ms] [ERROR] Failed to load resource: the server responded with a status of 503 (Service Unavailable) @ http://localhost:4042/whatsapp/qr:0
[ 3558187ms] [ERROR] Failed to load resource: the server responded with a status of 503 (Service Unavailable) @ http://localhost:4042/whatsapp/qr:0
[ 3561186ms] [ERROR] Failed to load resource: the server responded with a status of 503 (Service Unavailable) @ http://localhost:4042/whatsapp/qr:0
[ 3564176ms] [ERROR] Failed to load resource: the server responded with a status of 503 (Service Unavailable) @ http://localhost:4042/whatsapp/qr:0
[ 3567182ms] [ERROR] Failed to load resource: the server responded with a status of 503 (Service Unavailable) @ http://localhost:4042/whatsapp/qr:0
[ 3570183ms] [ERROR] Failed to load resource: the server responded with a status of 503 (Service Unavailable) @ http://localhost:4042/whatsapp/qr:0
[ 3573121ms] [ERROR] Failed to load resource: the server responded with a status of 503 (Service Unavailable) @ http://localhost:4042/whatsapp/qr:0
[ 3576181ms] [ERROR] Failed to load resource: the server responded with a status of 503 (Service Unavailable) @ http://localhost:4042/whatsapp/qr:0
[ 3579182ms] [ERROR] Failed to load resource: the server responded with a status of 503 (Service Unavailable) @ http://localhost:4042/whatsapp/qr:0
[ 3582192ms] [ERROR] Failed to load resource: the server responded with a status of 503 (Service Unavailable) @ http://localhost:4042/whatsapp/qr:0
[ 3585184ms] [ERROR] Failed to load resource: the server responded with a status of 503 (Service Unavailable) @ http://localhost:4042/whatsapp/qr:0
[ 3588180ms] [ERROR] Failed to load resource: the server responded with a status of 503 (Service Unavailable) @ http://localhost:4042/whatsapp/qr:0
[ 3591183ms] [ERROR] Failed to load resource: the server responded with a status of 503 (Service Unavailable) @ http://localhost:4042/whatsapp/qr:0
[ 3594183ms] [ERROR] Failed to load resource: the server responded with a status of 503 (Service Unavailable) @ http://localhost:4042/whatsapp/qr:0
[ 3597186ms] [ERROR] Failed to load resource: the server responded with a status of 503 (Service Unavailable) @ http://localhost:4042/whatsapp/qr:0
[ 3600182ms] [ERROR] Failed to load resource: the server responded with a status of 503 (Service Unavailable) @ http://localhost:4042/whatsapp/qr:0
[ 3603173ms] [ERROR] Failed to load resource: the server responded with a status of 503 (Service Unavailable) @ http://localhost:4042/whatsapp/qr:0
[ 3606183ms] [ERROR] Failed to load resource: the server responded with a status of 503 (Service Unavailable) @ http://localhost:4042/whatsapp/qr:0
[ 3609184ms] [ERROR] Failed to load resource: the server responded with a status of 503 (Service Unavailable) @ http://localhost:4042/whatsapp/qr:0
[ 3612187ms] [ERROR] Failed to load resource: the server responded with a status of 503 (Service Unavailable) @ http://localhost:4042/whatsapp/qr:0
[ 3615186ms] [ERROR] Failed to load resource: the server responded with a status of 503 (Service Unavailable) @ http://localhost:4042/whatsapp/qr:0
[ 3618179ms] [ERROR] Failed to load resource: the server responded with a status of 503 (Service Unavailable) @ http://localhost:4042/whatsapp/qr:0
[ 3630589ms] [ERROR] Failed to load resource: the server responded with a status of 503 (Service Unavailable) @ http://localhost:4042/whatsapp/qr:0
[ 3630602ms] [ERROR] Failed to load resource: the server responded with a status of 503 (Service Unavailable) @ http://localhost:4042/whatsapp/qr:0
[ 3630603ms] [ERROR] Failed to load resource: the server responded with a status of 503 (Service Unavailable) @ http://localhost:4042/whatsapp/qr:0
[ 3630603ms] [ERROR] Failed to load resource: the server responded with a status of 503 (Service Unavailable) @ http://localhost:4042/whatsapp/qr:0
[ 3633186ms] [ERROR] Failed to load resource: the server responded with a status of 503 (Service Unavailable) @ http://localhost:4042/whatsapp/qr:0
[ 3636404ms] [ERROR] Failed to load resource: the server responded with a status of 503 (Service Unavailable) @ http://localhost:4042/whatsapp/qr:0
[ 3639184ms] [ERROR] Failed to load resource: the server responded with a status of 503 (Service Unavailable) @ http://localhost:4042/whatsapp/qr:0
[ 3642186ms] [ERROR] Failed to load resource: the server responded with a status of 503 (Service Unavailable) @ http://localhost:4042/whatsapp/qr:0
[ 3645177ms] [ERROR] Failed to load resource: the server responded with a status of 503 (Service Unavailable) @ http://localhost:4042/whatsapp/qr:0
[ 3648182ms] [ERROR] Failed to load resource: the server responded with a status of 503 (Service Unavailable) @ http://localhost:4042/whatsapp/qr:0
[ 3651191ms] [ERROR] Failed to load resource: the server responded with a status of 503 (Service Unavailable) @ http://localhost:4042/whatsapp/qr:0
[ 3654191ms] [ERROR] Failed to load resource: the server responded with a status of 503 (Service Unavailable) @ http://localhost:4042/whatsapp/qr:0
[ 3657183ms] [ERROR] Failed to load resource: the server responded with a status of 503 (Service Unavailable) @ http://localhost:4042/whatsapp/qr:0
[ 3660180ms] [ERROR] Failed to load resource: the server responded with a status of 503 (Service Unavailable) @ http://localhost:4042/whatsapp/qr:0
[ 3663176ms] [ERROR] Failed to load resource: the server responded with a status of 503 (Service Unavailable) @ http://localhost:4042/whatsapp/qr:0
[ 3666181ms] [ERROR] Failed to load resource: the server responded with a status of 503 (Service Unavailable) @ http://localhost:4042/whatsapp/qr:0
[ 3669181ms] [ERROR] Failed to load resource: the server responded with a status of 503 (Service Unavailable) @ http://localhost:4042/whatsapp/qr:0
[ 3672172ms] [ERROR] Failed to load resource: the server responded with a status of 503 (Service Unavailable) @ http://localhost:4042/whatsapp/qr:0
[ 3675181ms] [ERROR] Failed to load resource: the server responded with a status of 503 (Service Unavailable) @ http://localhost:4042/whatsapp/qr:0
[ 3678183ms] [ERROR] Failed to load resource: the server responded with a status of 503 (Service Unavailable) @ http://localhost:4042/whatsapp/qr:0
[ 3681186ms] [ERROR] Failed to load resource: the server responded with a status of 503 (Service Unavailable) @ http://localhost:4042/whatsapp/qr:0
[ 3684183ms] [ERROR] Failed to load resource: the server responded with a status of 503 (Service Unavailable) @ http://localhost:4042/whatsapp/qr:0
[ 3687180ms] [ERROR] Failed to load resource: the server responded with a status of 503 (Service Unavailable) @ http://localhost:4042/whatsapp/qr:0
[ 3690187ms] [ERROR] Failed to load resource: the server responded with a status of 503 (Service Unavailable) @ http://localhost:4042/whatsapp/qr:0
[ 3693181ms] [ERROR] Failed to load resource: the server responded with a status of 503 (Service Unavailable) @ http://localhost:4042/whatsapp/qr:0
[ 3696182ms] [ERROR] Failed to load resource: the server responded with a status of 503 (Service Unavailable) @ http://localhost:4042/whatsapp/qr:0
[ 3699188ms] [ERROR] Failed to load resource: the server responded with a status of 503 (Service Unavailable) @ http://localhost:4042/whatsapp/qr:0
[ 3702173ms] [ERROR] Failed to load resource: the server responded with a status of 503 (Service Unavailable) @ http://localhost:4042/whatsapp/qr:0
[ 3705185ms] [ERROR] Failed to load resource: the server responded with a status of 503 (Service Unavailable) @ http://localhost:4042/whatsapp/qr:0
[ 3708178ms] [ERROR] Failed to load resource: the server responded with a status of 503 (Service Unavailable) @ http://localhost:4042/whatsapp/qr:0
[ 3711175ms] [ERROR] Failed to load resource: the server responded with a status of 503 (Service Unavailable) @ http://localhost:4042/whatsapp/qr:0
[ 3714185ms] [ERROR] Failed to load resource: the server responded with a status of 503 (Service Unavailable) @ http://localhost:4042/whatsapp/qr:0
[ 3717243ms] [ERROR] Failed to load resource: the server responded with a status of 503 (Service Unavailable) @ http://localhost:4042/whatsapp/qr:0
[ 3720185ms] [ERROR] Failed to load resource: the server responded with a status of 503 (Service Unavailable) @ http://localhost:4042/whatsapp/qr:0
[ 3723122ms] [ERROR] Failed to load resource: the server responded with a status of 503 (Service Unavailable) @ http://localhost:4042/whatsapp/qr:0
[ 3726185ms] [ERROR] Failed to load resource: the server responded with a status of 503 (Service Unavailable) @ http://localhost:4042/whatsapp/qr:0
[ 3729191ms] [ERROR] Failed to load resource: the server responded with a status of 503 (Service Unavailable) @ http://localhost:4042/whatsapp/qr:0
[ 3732179ms] [ERROR] Failed to load resource: the server responded with a status of 503 (Service Unavailable) @ http://localhost:4042/whatsapp/qr:0
[ 3735172ms] [ERROR] Failed to load resource: the server responded with a status of 503 (Service Unavailable) @ http://localhost:4042/whatsapp/qr:0
[ 3738186ms] [ERROR] Failed to load resource: the server responded with a status of 503 (Service Unavailable) @ http://localhost:4042/whatsapp/qr:0
[ 3741176ms] [ERROR] Failed to load resource: the server responded with a status of 503 (Service Unavailable) @ http://localhost:4042/whatsapp/qr:0
[ 3744167ms] [ERROR] Failed to load resource: the server responded with a status of 503 (Service Unavailable) @ http://localhost:4042/whatsapp/qr:0
